20251031,83596,396976.5558273927,6379391.748836326,83.40,False
20251031,159515,438226.5613428999,6379141.959391817,139.18,False
20251031,109315,396147.76560668455,6381470.791698021,87.96,False
20251031,92927,455671.9261541633,6379612.110581658,93.19,False
20251031,64698,461126.457163225,6379433.01604593,148.38,False
20251031,185848,403668.0582098072,6381914.288201054,92.26,False
20251031,123048,443430.4550550919,6380378.581652609,162.97,False
20251031,141566,464383.6238804856,6379618.682335996,110.38,False
20251031,118123,451930.63056726905,6381179.412400484,144.95,False
20251031,127867,449972.3349030664,6381411.550092444,144.39,False
20251031,75216,411597.45438624127,6383120.145190292,125.16,False
20251031,172680,425744.9584278214,6382547.417616491,86.15,False
20251031,171121,433006.71716885717,6382265.033249537,92.97,False
20251031,153532,438967.94237774645,6382075.928488103,130.33,False
20251031,138510,397335.11934186093,6384070.198813189,30.79,False
20251031,148125,445684.66631227895,6381985.351430667,149.95,False
20251031,34470,411287.7,6383648.3,95.22,False
20251031,48209,442124.6331350538,6382501.272592481,161.50,False
20251031,114729,461258.61659537687,6381743.938355292,111.29,False
20251031,38791,398970.8300777958,6384516.644464387,102.33,False
20251031,43748,449925.83800445654,6382463.371333052,140.81,False
20251031,59384,400073.9240097437,6384927.172032491,108.56,False
20251031,158893,438066.6001174061,6383256.19628112,132.07,False
20251031,146013,442431.22842980654,6383507.809803039,136.15,False
20251031,16716,422097.53537021973,6384561.17093227,112.98,False
20251031,168219,429867.05765917135,6384314.341762043,93.37,False
20251031,2969,459698.2726906107,6383131.324611593,86.65,False
20251031,147202,444742.24481437646,6383814.802279129,104.43,False
20251031,175148,400340.18348355405,6385872.093861416,94.36,False
20251031,149104,433708.613364941,6384736.852974636,86.81,False
20251031,67557,457361.1259702487,6383838.893278189,116.69,False
20251031,124199,435064.7833909599,6385451.51400945,113.65,False
20251031,65943,417950.5916643435,6386228.934272505,122.42,False
20251031,63787,435522.83918369614,6385833.668190489,107.69,False
20251031,177791,443008.8936436423,6385738.538825512,77.14,False
20251031,13953,464031.2534250984,6384943.045107291,87.89,False
20251031,1039,453276.4003884598,6385604.035561759,87.97,False
20251031,166796,430147.05798885773,6386711.329006941,104.88,False
20251031,1112,447338.53952128766,6386272.846158104,87.99,False
20251031,104365,450524.24497072864,6386392.315886215,98.03,False
20251031,191701,442456.435742614,6386811.2111784415,83.71,False
20251031,48415,451057.2183568464,6386463.77166361,94.72,False
20251031,22756,453551.75237537234,6386426.97322519,91.00,False
20251031,123115,453508.8566066675,6386459.539857831,99.15,False
20251031,146644,442585.690241296,6387269.137610235,93.32,False
20251031,135680,436995.172624063,6387748.281469611,87.69,False
20251031,176333,437951.03259332094,6387893.545229721,76.47,False
20251031,75086,442609.7455721848,6387854.9133700235,77.58,False
20251031,172798,435783.80699672684,6388355.134670875,79.10,False
20251031,153033,433981.1784211497,6388554.92595956,80.59,False
20251031,176536,441521.2858269091,6388239.4135805145,56.60,False
20251031,6719,410460.87368270615,6389628.408054258,108.33,True
20251031,87404,421417.93459108204,6389162.589662697,122.77,True
20251031,148751,439414.9814158563,6388573.699142966,61.13,False
20251031,126317,421056.9026154506,6389487.517642523,122.08,True
20251031,68991,458865.9395738859,6387918.672728462,87.65,False
20251031,153510,427857.0995791202,6389435.57873739,77.42,True
20251031,179511,440974.8084802876,6388910.508218703,62.35,False
20251031,47637,428126.97125709476,6389547.40457924,66.61,True
20251031,8366,442070.2593899516,6389235.912174841,50.10,True
20251031,92160,441661.5896269589,6389499.805113552,35.07,True
20251031,185391,450368.90659716306,6389146.880784062,84.63,True
20251031,146444,439656.9511510312,6389613.655971122,62.14,True
20251031,58122,441164.5520458519,6389747.15176021,49.17,True
20251031,105208,438396.49419241,6390098.514055883,49.09,True
20251031,88859,465688.0888096269,6389080.297383484,40.99,False
20251031,69788,464946.66729719104,6389324.207690973,49.62,False
20251031,87112,443851.4781937874,6390676.056714997,47.96,True
20251031,10023,465542.883901565,6389919.422433031,75.14,False
20251031,169751,414988.7181567888,6392046.3023895845,100.40,True
20251031,181525,443878.55893472413,6390798.476329728,47.21,True
20251031,183205,437378.5893862619,6391098.472312406,54.85,True
20251031,149089,399881.4466405211,6392906.444316005,107.17,False
20251031,107470,399904.95473335835,6392936.209114559,113.17,False
20251031,136132,461555.97980712017,6390718.321987123,108.38,False
20251031,89562,437987.6763140689,6391937.687346766,25.87,True
20251031,85905,460356.8176449193,6391103.739761742,62.88,False
20251031,158997,456240.6426342881,6391386.071277518,49.09,False
20251031,83864,450317.8283276888,6391742.870808475,42.87,True
20251031,88858,456620.05668668874,6391494.834935344,55.14,False
20251031,94247,459198.31238423043,6391395.1932717785,36.76,False
20251031,160202,446618.4318426786,6391953.187520718,77.92,True
20251031,94814,458627.73926550534,6391478.909944215,37.21,False
20251031,153386,429698.14597855596,6392691.436013979,96.70,True
20251031,105308,444460.3153704071,6392071.742876717,133.58,True
20251031,48414,429985.8911689425,6392709.908249774,97.35,True
20251031,122419,458786.74234263273,6391596.299721417,59.81,False
20251031,129393,430085.9765004011,6392983.553576209,99.41,True
20251031,180571,404209.2572228266,6394306.838522492,113.77,False
20251031,184742,437454.84124129935,6392917.367352532,36.90,True
20251031,75016,416858.52630834864,6393845.627008385,92.66,True
20251031,21779,461055.5859510127,6392065.150149327,158.95,False
20251031,179384,456870.3400756866,6392257.089938884,111.10,False
20251031,77149,459101.6700003058,6392325.265157422,91.87,False
20251031,59217,456987.6855312773,6392437.809337115,106.91,False
20251031,132940,459183.18221271876,6392723.550456902,123.06,False
20251031,183046,442906.25549103116,6393463.250772209,86.01,True
20251031,11105,433022.00864214817,6394031.283050183,59.39,True
20251031,12108,401839.2322461203,6395531.313148187,112.20,False
20251031,11711,452546.74946359533,6393414.567639784,238.85,True
20251031,130196,446216.14261433686,6394007.618966964,140.28,True
20251031,34025,432920.0914259053,6394745.952694146,67.02,True
20251031,58435,439471.8528059756,6394716.955465134,145.39,True
20251031,132860,418551.11265773576,6395653.4139855765,77.83,True
20251031,114658,415055.3398858951,6395935.112399745,88.20,True
20251031,75498,400769.16043947573,6396694.438800089,128.38,False
20251031,180730,437126.861039325,6395092.919123874,46.93,True
20251031,66935,418013.2702019614,6396449.787257767,84.45,True
20251031,155210,413243.75363765296,6396851.810269345,73.65,True
20251031,182615,399155.0788290804,6398007.455939517,110.02,False
20251031,75674,463296.79055816587,6395314.828402409,123.12,False
20251031,114499,433954.9553350376,6396771.071256263,63.61,True
20251031,97732,399683.573668373,6398445.432409761,78.55,False
20251031,161111,441846.3791722312,6396656.784173928,155.69,True
20251031,156712,431266.6668274057,6397349.176505957,63.59,True
20251031,71873,399358.2493392668,6399480.452434315,110.27,False
20251031,172049,427971.8309019806,6398170.983276509,70.32,True
20251031,83863,435158.590329116,6398109.751990579,38.51,True
20251031,9907,435163.8092867754,6398233.062161701,51.88,True
20251031,192441,444237.01191779936,6397948.281681956,137.65,True
20251031,100917,437172.1392451462,6398271.914161465,27.88,True
20251031,47595,437309.39032247156,6398389.679866797,46.83,True
20251031,159477,423040.71158182085,6399375.630052887,91.19,True
20251031,93661,428270.2046430995,6399455.155225141,75.40,True
20251031,103497,399157.8934043175,6400818.386758719,77.90,False
20251031,71438,427730.7336672891,6399725.683735703,65.88,True
20251031,140676,436170.1528940689,6399611.144904559,61.35,True
20251031,58935,403247.52865338215,6401487.935610206,115.42,False
20251031,179283,452831.99014858215,6399517.403608716,110.43,True
20251031,172051,435563.2096416402,6400377.950545798,46.46,True
20251031,177916,448151.8082050781,6399889.342728795,143.86,True
20251031,116165,425076.7109955065,6401046.260959037,95.13,True
20251031,76067,414627.2723205414,6401545.205849755,103.38,True
20251031,107098,433683.92157010303,6400766.507697973,55.29,True
20251031,59742,421253.8059970173,6401339.011718619,83.10,True
20251031,86833,396683.5,6402521.5,65.37,False
20251031,138509,398230.5187789842,6402623.8381753955,111.18,False
20251031,117729,415788.1305305329,6401862.984355649,90.86,True
20251031,168259,454172.874676818,6400545.32510859,77.73,True
20251031,33975,397192.96908153314,6403508.052669158,105.65,False
20251031,139685,432413.836137393,6401994.269432165,45.19,True
20251031,155343,429631.9518754809,6402391.87544866,65.78,True
20251031,69791,424680.8803425148,6403071.175620906,51.07,True
20251031,101774,398731.63796870015,6404329.545324183,101.94,False
20251031,163614,464949.6135022057,6401736.6694063395,136.55,False
20251031,153266,439410.7338136282,6402779.651725935,121.62,True
20251031,158264,443983.01264120557,6403053.981690239,109.75,True
20251031,106502,460926.3868217975,6402537.597404256,118.61,False
20251031,166965,423712.6857142448,6404102.194822245,65.01,True
20251031,185420,405102.8406670228,6405292.197200113,101.06,False
20251031,92159,429929.17043039436,6404170.268786411,41.15,True
20251031,48216,428285.16866677336,6404365.043115479,59.39,True
20251031,48422,423252.06548593694,6404647.6100167055,64.00,True
20251031,184482,421077.8302239239,6404806.01887723,49.81,True
20251031,95827,422538.7140326168,6404957.196814283,74.69,True
20251031,155096,432669.75951732625,6404886.306066836,29.38,True
20251031,183535,433748.5418939401,6404871.144522527,104.42,True
20251031,21694,422566.0791472174,6405573.678806666,69.29,True
20251031,44025,455731.75042293407,6404344.022127747,120.56,True
20251031,67139,426927.5875969646,6405566.902970405,67.52,True
20251031,115112,455494.6732811659,6404476.802381698,121.72,True
20251031,52000,406158.9546788401,6406663.330980506,111.22,True
20251031,48429,402335.4643562925,6406875.182679786,95.18,False
20251031,176876,402276.8602864305,6407032.421500531,98.74,False
20251031,84841,454063.92706857435,6405057.858251309,135.38,True
20251031,191335,437472.57225041155,6405948.893472343,132.54,True
20251031,179458,418767.01755404193,6406824.468613525,90.86,True
20251031,132156,418857.72024685406,6406882.15814685,84.31,True
20251031,193462,424993.56463363545,6406670.881595328,55.13,True
20251031,191134,425086.9203201072,6406790.310395089,48.27,True
20251031,140339,449907.1425070333,6405747.7396833915,103.64,True
20251031,1093,431243.4478490589,6406553.379085019,101.55,True
20251031,190662,398123.12812996935,6408158.425592566,95.66,False
20251031,131841,430748.46044626774,6406821.750089642,57.94,True
20251031,91837,407189.75992270274,6407974.024971864,89.69,True
20251031,139008,421080.7114054019,6407338.4677277235,64.96,True
20251031,6306,438782.5216798269,6406727.797260906,143.49,True
20251031,118973,438785.0989819236,6406789.451873721,145.23,True
20251031,22969,416498.0594077836,6407791.806419782,98.28,True
20251031,84924,425423.12038990617,6407424.093113613,33.89,True
20251031,163474,407514.770880962,6408329.457323422,102.91,True
20251031,131019,404593.32252370444,6408497.806953609,65.49,False
20251031,95591,405044.49255535606,6408723.597385351,96.68,False
20251031,48614,404137.57830809633,6409106.260859829,99.32,False
20251031,56987,421124.7415868052,6408324.8198035015,58.82,True
20251031,27207,412430.63919150364,6408904.302402609,65.25,True
20251031,157622,419777.383980644,6408724.847366109,45.90,True
20251031,153270,445669.46542532055,6407678.897664076,115.92,True
20251031,178227,416924.7775568469,6408946.119426676,82.83,True
20251031,187374,419693.63095393195,6408821.260384986,55.03,True
20251031,165467,422440.56374318956,6408698.605018423,43.17,True
20251031,90021,458972.24386245676,6407275.082390981,137.67,False
20251031,93801,421679.6571467905,6408917.767859508,33.04,True
20251031,180901,411860.0655964339,6409424.785687678,91.42,True
20251031,37549,420585.052393396,6409059.288671151,58.77,True
20251031,28139,430701.61515889276,6408800.268310099,136.00,True
20251031,178732,415036.8878611103,6409557.022183882,67.59,True
20251031,188315,415130.4015389562,6409676.300997441,54.82,True
20251031,166673,421307.4892532195,6409459.401656501,31.08,True
20251031,47969,414887.8407471942,6410150.660837247,53.04,True
20251031,138370,406124.76784278615,6410618.641978475,92.69,True
20251031,191476,440136.8504397306,6409110.912418358,144.87,True
20251031,168506,420100.4896502658,6410038.417289037,46.81,True
20251031,119454,420081.2816142745,6410101.048042231,47.34,True
20251031,169828,416115.842646462,6410527.123815923,65.70,True
20251031,88490,401881.9929853399,6411221.300224839,79.94,False
20251031,55196,402233.4623093625,6411204.530385691,109.67,False
20251031,41360,413524.9101213808,6410676.325361742,93.85,True
20251031,152610,431650.28547120676,6409871.212221295,108.48,True
20251031,159113,420446.6112399294,6410393.53351113,38.90,True
20251031,16061,428590.3760380577,6410374.029497566,122.19,True
20251031,139472,429710.8393747521,6410325.436372341,127.12,True
20251031,130748,413962.08194088313,6411088.694094371,82.50,True
20251031,185845,415785.3774959177,6411005.442584815,65.50,True
20251031,153262,450190.71925926773,6409534.484337316,107.84,True
20251031,20060,410343.2496616973,6411379.058196493,93.07,True
20251031,173731,414033.6297434746,6411208.9621119145,83.43,True
20251031,24791,417359.03450448473,6411242.873236289,92.70,True
20251031,99029,415295.5829363941,6411367.499497045,84.16,True
20251031,62968,408158.1672093538,6411727.9032012215,80.10,True
20251031,90371,402320.0083900063,6412096.183474976,106.56,False
20251031,165011,424772.88714009535,6411158.778037587,127.60,True
20251031,93951,419613.4994457487,6411450.085919318,39.37,True
20251031,169786,419922.4063050761,6411467.107353109,39.94,True
20251031,156380,407559.0274744108,6412095.700497752,84.68,True
20251031,89969,441524.21112149314,6410720.887612793,134.60,True
20251031,67599,415934.47909385856,6411863.45986355,48.70,True
20251031,154967,404230.8033456728,6412468.699720786,90.73,False
20251031,132927,407810.7254332485,6412300.129420241,86.41,True
20251031,83500,412920.4124197502,6412371.95363503,82.02,True
20251031,43856,412375.60448295006,6412489.6885831375,85.46,True
20251031,112097,408227.66673960397,6412743.942379746,77.54,True
20251031,173707,412930.33306552883,6412587.702076178,77.66,True
20251031,76112,439462.93699103163,6411424.157147761,144.44,True
20251031,166672,419965.26502681343,6412422.614243356,32.72,True
20251031,11539,441116.79332265555,6411509.77114233,145.49,True
20251031,134751,421353.0413750988,6412453.174243447,34.19,True
20251031,136472,421332.4547212847,6412484.977565482,33.95,True
20251031,188497,428887.70801513497,6412152.322533885,114.98,True
20251031,190056,419995.5221766224,6412606.565674729,40.83,True
20251031,175090,439327.192498746,6411862.151161337,145.56,True
20251031,50099,422836.85053428565,6412665.082039148,28.76,True
20251031,189080,409796.499466353,6413350.332776058,78.03,True
20251031,164010,409890.0663927163,6413469.531539268,87.77,True
20251031,139118,452959.23939938005,6411647.583742475,132.64,True
20251031,161857,404996.23590590066,6413760.676142455,83.90,False
20251031,76021,452916.52877848106,6411680.151555987,135.70,True
20251031,133937,411585.18406292633,6413483.639680389,69.09,True
20251031,51994,416439.5755113457,6413292.121688839,53.24,True
20251031,117717,417076.4030199613,6413263.226039684,56.25,True
20251031,148661,411544.11493723834,6413547.310605161,71.68,True
20251031,48449,414400.1758761512,6413446.8681482375,65.16,True
20251031,186071,417938.4017676009,6413347.757696665,37.14,True
20251031,181339,443940.6113097117,6412227.084324208,111.48,True
20251031,112498,459227.7960225941,6411618.857662666,135.75,False
20251031,187715,426745.7171388756,6412986.900952275,99.55,True
20251031,77141,405821.7527777779,6413999.70636357,88.13,False
20251031,114426,418845.6783293628,6413461.252454873,50.73,True
20251031,48440,405408.9337838173,6414111.840934745,81.19,False
20251031,93802,419637.5862020317,6413456.519016688,25.83,True
20251031,34531,418914.33102398197,6413519.93045686,51.46,True
20251031,168320,417905.0,6413592.8,41.63,True
20251031,48617,424014.29761324177,6413415.898155891,80.60,True
20251031,87818,406083.5996598423,6414419.800145295,83.58,True
20251031,179314,413791.6829755214,6414148.961193218,40.41,True
20251031,178684,425936.93100089306,6413609.13967863,106.69,True
20251031,190730,416982.05707284424,6414226.143169412,35.30,True
20251031,21872,436113.1528039914,6413386.818249762,143.08,True
20251031,67813,433369.5969545496,6413534.286380829,126.56,True
20251031,152973,415147.8796089033,6414401.046678743,34.60,True
20251031,193114,435392.421670612,6413509.972337339,140.88,True
20251031,182190,424086.8299563846,6414061.250046259,42.13,True
20251031,48802,405975.0988943172,6414919.115724486,86.67,False
20251031,110757,416798.75653886964,6414418.574542864,42.63,True
20251031,185606,411292.3005383799,6414763.530123525,74.02,True
20251031,108320,428132.31152393133,6414007.260866386,110.03,True
20251031,50493,411514.69355191244,6414815.018981805,71.83,True
20251031,82104,417200.9402323322,6414554.764075078,38.32,True
20251031,31524,415336.17722903605,6414670.4262837935,41.32,True
20251031,7231,417107.8,6414624.3,17.87,True
20251031,186917,412638.6179341671,6414855.824909949,85.64,True
20251031,159757,407700.4980871573,6415116.050471327,90.22,True
20251031,158854,414090.4148651093,6414850.916606909,70.04,True
20251031,167307,411414.89952571184,6415035.838420771,74.11,True
20251031,123293,419388.3688180262,6414764.877023367,36.52,True
20251031,124516,418511.5883249538,6414835.246930289,27.35,True
20251031,99444,410216.0560594385,6415276.712971407,83.26,True
20251031,181682,420907.3615770106,6414789.415770461,19.63,True
20251031,145572,411029.72957639565,6415269.867955594,81.54,True
20251031,191075,414543.594776847,6415139.029282153,39.62,True
20251031,176968,410375.4457077015,6415392.860279077,96.44,True
20251031,169805,417886.0681378089,6415110.572390775,52.79,True
20251031,50089,410467.5442986732,6415481.246499801,81.39,True
20251031,83732,414025.1979955419,6415348.079032211,66.24,True
20251031,116353,408363.0672261413,6415641.020967348,86.61,True
20251031,63540,424476.2429566106,6414908.788104796,107.31,True
20251031,38029,412030.3993038181,6415501.5875382405,91.51,True
20251031,45996,416496.4789125794,6415513.284836233,48.41,True
20251031,118097,416518.43061904266,6415512.287553197,50.41,True
20251031,48279,419395.52038969635,6415413.133463679,37.48,True
20251031,22914,407853.55444266397,6416035.502087163,103.05,True
20251031,94440,419202.11292669195,6415514.487498997,37.58,True
20251031,171156,412684.03150322946,6415842.0917903,80.18,True
20251031,133585,415559.5837005261,6415710.348313913,41.68,True
20251031,166671,419357.16112575284,6415538.397059821,29.02,True
20251031,114148,401447.2977169908,6416400.526318234,57.61,False
20251031,48102,417299.4146400333,6415719.461113686,51.05,True
20251031,11742,414688.5925855209,6415904.540981068,67.13,True
20251031,133583,415547.01375278516,6415861.369021779,44.67,True
20251031,133582,415566.6085404739,6415864.455495002,44.67,True
20251031,133584,415745.0,6415849.9,43.56,True
20251031,48448,423163.047205992,6415553.695726906,33.84,True
20251031,133586,415592.7735886651,6415955.919229045,45.20,True
20251031,187204,453352.0032607573,6414349.287833399,101.92,True
20251031,115111,409909.23713916854,6416248.4589208085,83.51,True
20251031,97818,411182.29204046325,6416189.4001107635,54.44,True
20251031,105144,416166.28269410203,6415991.575410051,70.48,True
20251031,180099,411316.8400644335,6416244.9463001555,93.19,True
20251031,101632,410550.0524708952,6416311.357860008,96.46,True
20251031,173931,410593.9502724815,6416309.321533918,83.64,True
20251031,189929,410573.43105698365,6416341.159928421,85.82,True
20251031,121153,448637.78567125,6414691.764039533,98.54,True
20251031,191253,415030.51700658264,6416166.886073219,44.90,True
20251031,137214,432614.4196452717,6415419.497311581,145.39,True
20251031,1034,432636.3716815653,6415418.556728975,147.19,True
20251031,96250,412092.17285927036,6416363.552661268,73.81,True
20251031,93636,407134.7485153977,6416656.05966852,88.99,True
20251031,130584,412075.9134021602,6416487.847895451,80.56,True
20251031,45380,416227.0046076856,6416359.437075309,63.99,True
20251031,184938,420155.8829337845,6416181.983804451,30.45,True
20251031,173170,409007.50223287917,6416722.866347904,83.52,True
20251031,48456,410126.826839092,6416670.759754554,87.31,True
20251031,101634,410392.7853805599,6416655.1163368765,60.35,True
20251031,168299,411753.93218959175,6416593.431699417,65.69,True
20251031,181444,415309.38025332906,6416493.896431309,64.68,True
20251031,63011,416277.900653469,6416570.272428575,63.68,True
20251031,2961,408891.6371586807,6417068.027865547,73.43,True
20251031,34534,412929.6199193883,6416885.459115365,110.40,True
20251031,190765,413120.53134064836,6416871.510505735,94.12,True
20251031,185143,413214.0,6416862.6,93.73,True
20251031,139796,413194.5850368299,6416899.613037976,94.53,True
20251031,18716,430536.3267122437,6416188.294874977,121.92,True
20251031,165249,413501.2,6416984.2,46.94,True
20251031,168493,415216.43180515966,6416909.31258541,41.17,True
20251031,60683,418311.8416183364,6416789.229967009,49.15,True
20251031,178933,416559.49257903674,6416900.257035847,52.27,True
20251031,48622,420621.0952862806,6416747.937175375,36.42,True
20251031,98826,442460.38672515244,6415808.259953033,82.02,True
20251031,28721,420863.89551951265,6416767.953408174,26.49,True
20251031,97731,413886.24663226906,6417114.94058411,52.20,True
20251031,92161,410882.52510475554,6417315.19661971,62.36,True
20251031,8024,420824.13874066074,6416862.3849088885,15.25,True
20251031,186284,420803.57115717203,6416894.189511362,14.56,True
20251031,121920,420651.3234459787,6416931.889022003,14.49,True
20251031,29308,411615.2729447214,6417466.597677349,95.60,True
20251031,36457,413809.774069195,6417365.534374459,81.51,True
20251031,42604,414599.80315820215,6417329.340569846,51.10,True
20251031,91219,415960.58847079304,6417269.200993897,71.22,True
20251031,48212,396300.1645745522,6418224.335562947,88.42,False
20251031,146696,411616.6977475844,6417497.418059521,93.10,True
20251031,45987,415764.3141765008,6417307.058645986,74.17,True
20251031,130208,420592.38560536114,6417088.949516497,37.03,True
20251031,64990,424981.68675072404,6416893.911021001,115.24,True
20251031,116741,464557.12007360114,6415275.060658765,143.94,False
20251031,32195,415590.1563113458,6417345.881574954,76.61,True
20251031,47636,417696.9172497828,6417250.188359296,40.43,True
20251031,165514,422722.54946136224,6417024.793038181,33.37,True
20251031,166495,414738.0,6417408.6,48.90,True
20251031,78642,416074.3556294829,6417354.710424466,37.69,True
20251031,190062,414824.8923876422,6417442.588913408,44.23,True
20251031,157161,401484.5197731448,6418097.622106796,87.11,False
20251031,47935,415462.7023125923,6417444.3497585375,82.48,True
20251031,141853,408244.4601030172,6417808.662599386,90.73,True
20251031,84080,420643.179134927,6417241.095851516,39.67,True
20251031,185441,410703.59859201725,6417725.015609601,83.43,True
20251031,114200,410203.1848307384,6417840.903227249,81.22,True
20251031,176916,409811.6816709884,6417929.595656972,65.26,True
20251031,186892,416550.6118326865,6417672.788701633,37.59,True
20251031,61793,422387.867781574,6417410.282876302,31.74,True
20251031,152592,417122.55751824786,6417677.710965009,53.72,True
20251031,173507,415832.0745514032,6417829.021215326,41.52,True
20251031,166670,418948.09515605576,6417687.847925124,29.50,True
20251031,171879,412280.1077560401,6418053.619839288,61.90,True
20251031,102084,416778.44966479746,6417847.7502298,38.64,True
20251031,45379,420219.5786478691,6417689.992542462,21.89,True
20251031,167663,416735.9623329738,6417880.564520406,38.44,True
20251031,56553,418494.2256295021,6417862.736936119,45.06,True
20251031,191480,460545.1153548835,6416137.869302575,125.06,False
20251031,192959,418804.2130335776,6417910.524242377,44.35,True
20251031,181445,410974.3,6418328.2,57.46,True
20251031,45383,418610.28536618786,6417976.9851453025,47.69,True
20251031,190288,420022.0,6417913.4,22.20,True
20251031,176949,414816.23225642805,6418215.121812003,51.91,True
20251031,167803,412886.75107418955,6418334.525725386,51.72,True
20251031,171190,414795.69935272087,6418246.94609416,33.91,True
20251031,165369,416094.4973769184,6418280.349354342,53.28,True
20251031,91536,418793.3862539752,6418158.0887523135,22.22,True
20251031,1032,417127.17167218355,6418264.315551584,44.24,True
20251031,28708,420089.3771062312,6418130.680037743,26.78,True
20251031,187090,413108.9353048482,6418477.177836913,52.16,True
20251031,5338,416443.7262217682,6418327.598337843,46.83,True
20251031,145756,417099.64124646015,6418296.637242698,43.08,True
20251031,139393,417325.4702750126,6418286.14587481,34.30,True
20251031,182315,425335.08948035317,6417928.368901686,92.68,True
20251031,166749,406949.3487129311,6418795.990718889,86.17,True
20251031,83556,407432.03303651715,6418773.329443455,64.26,True
20251031,193209,399601.085857235,6419176.492819607,77.29,False
20251031,161947,415597.2779010263,6418421.0584264435,48.39,True
20251031,75330,417438.549241791,6418342.856432378,37.47,True
20251031,157130,415440.58450424526,6418463.625361203,35.18,True
20251031,165069,418602.8574700523,6418321.104280558,27.88,True
20251031,77152,402501.4524789908,6419130.127697104,89.31,False
20251031,178983,418454.82994345354,6418451.3227479365,37.51,True
20251031,181832,412071.4630053857,6418773.627005844,58.37,True
20251031,152576,399633.41490264505,6419391.158302596,79.69,False
20251031,173596,403342.4664003446,6419244.506011045,78.37,False
20251031,145519,420000.42023290484,6418597.936453012,19.61,True
20251031,86491,419877.63851157605,6418758.3028407255,23.29,True
20251031,173443,416368.2432388076,6418947.586532322,33.02,True
20251031,183959,418845.8965763758,6418835.180693708,20.13,True
20251031,167751,416808.5,6418953.3,54.08,True
20251031,57443,405926.7449030102,6419492.760443085,75.24,False
20251031,142428,413255.55694951594,6419182.361226373,56.75,True
20251031,47931,417140.1773419993,6419035.847708138,48.05,True
20251031,189688,415276.755542881,6419151.527403665,47.53,True
20251031,58797,416264.0098733069,6419106.532986199,37.07,True
20251031,191339,424381.7016898313,6418742.504348637,90.20,True
20251031,70775,401438.44533216575,6419891.362360366,93.70,False
20251031,61138,405869.65360812476,6419680.777486324,80.25,False
20251031,192832,416355.9715856869,6419195.004826733,39.42,True
20251031,7961,420239.18559826096,6419019.600359886,30.28,True
20251031,161845,417783.39269383857,6419161.131402849,33.68,True
20251031,107562,418551.25535622163,6419126.43086729,40.86,True
20251031,175886,431824.9742696352,6418541.549429615,127.09,True
20251031,29377,411642.0715113159,6419472.959356193,71.12,True
20251031,57441,406444.3704289374,6419746.358186862,76.57,True
20251031,189103,412370.03350089566,6419526.349198884,50.35,True
20251031,185566,439465.80983742006,6418341.225514788,94.18,True
20251031,60204,410923.84166343027,6419629.7565738205,79.75,True
20251031,43218,413642.9,6419507.6,51.58,True
20251031,157449,412396.212543781,6419592.574326787,56.68,True
20251031,50086,416031.86544053035,6419455.1299354425,44.99,True
20251031,65359,417661.52740288,6419382.840292818,41.22,True
20251031,29049,418056.413628425,6419364.974777797,35.03,True
20251031,135597,403646.7410062714,6420094.902030216,77.42,False
20251031,130030,417338.1,6419455.8,43.51,True
20251031,57137,419682.36339218,6419353.823951421,26.06,True
20251031,59833,413782.58652476675,6419652.582058614,35.75,True
20251031,91535,415626.9219498312,6419598.828028138,42.61,True
20251031,78640,416241.1686355152,6419570.847622462,45.87,True
20251031,47594,421330.7465266108,6419341.337523171,21.70,True
20251031,171386,416046.0,6419611.2,37.96,True
20251031,67803,419600.58497017575,6419480.413188703,44.98,True
20251031,171610,419075.2917461052,6419535.184851103,40.63,True
20251031,27489,417675.4815048254,6419691.055384248,36.62,True
20251031,144630,417786.5614556351,6419716.911996398,29.59,True
20251031,91142,415484.6107272698,6419852.400645535,48.93,True
20251031,104923,407809.9625933477,6420269.074071131,67.79,True
20251031,48452,416584.2388020573,6419864.095525743,41.22,True
20251031,132034,420226.0463160845,6419700.2352055,22.56,True
20251031,153938,421366.45670644165,6419648.58041673,52.50,True
20251031,31329,421388.39386554295,6419647.600265499,48.50,True
20251031,14700,422967.87836499163,6419577.232184455,315.64,True
20251031,45988,409741.68898383447,6420209.739137629,72.79,True
20251031,177254,417068.2388782431,6419873.0012608385,34.85,True
20251031,179510,418576.937210994,6419808.355279445,37.21,True
20251031,105093,419832.2489367529,6419748.204734772,41.76,True
20251031,159337,425448.1843590343,6419498.42323291,110.46,True
20251031,132581,417069.6373229824,6419903.822602471,34.95,True
20251031,165251,418752.7479566149,6419831.265615287,36.43,True
20251031,131194,408187.1847493791,6420344.069224156,67.80,True
20251031,154754,415887.4,6419982.3,39.72,True
20251031,182114,419330.477849009,6419832.537335315,43.58,True
20251031,140449,419157.76216620277,6419902.082221651,41.11,True
20251031,113116,426243.3557265367,6419586.99676954,108.22,True
20251031,27502,415273.3,6420104.1,52.61,True
20251031,65336,415605.53864585905,6420093.965281925,45.23,True
20251031,163504,418914.2605586833,6419946.148733217,31.22,True
20251031,24790,418239.2274751158,6420005.287767959,32.87,True
20251031,65283,416990.2855810161,6420092.73231328,39.29,True
20251031,66976,413328.50726239197,6420290.891433856,37.61,True
20251031,4272,436537.56112477573,6419267.123802186,144.97,True
20251031,86147,417344.0498331873,6420138.455597006,33.46,True
20251031,53619,449089.38809182716,6418811.264590557,126.90,True
20251031,182735,419234.6735232217,6420145.69309471,24.86,True
20251031,48286,416187.0883020823,6420314.548435972,39.50,True
20251031,191988,417480.9894283876,6420286.467240424,43.33,True
20251031,171771,414544.0271071867,6420444.05382625,43.99,True
20251031,28966,416474.4,6420360.0,53.92,True
20251031,138098,418360.4777767725,6420277.160685462,28.03,True
20251031,64316,417220.8001534184,6420361.292502415,40.63,True
20251031,177176,418209.2848140965,6420315.485926175,22.10,True
20251031,89914,436350.540682756,6419522.0721598985,145.12,True
20251031,176653,415117.9194122958,6420486.846586636,20.26,True
20251031,157924,417267.7,6420419.8,38.43,True
20251031,11547,417839.07920346945,6420392.629203545,34.38,True
20251031,138535,419243.0004262979,6420330.623779135,30.70,True
20251031,182408,413981.58685942326,6420631.525575361,43.90,True
20251031,65700,417622.6295419691,6420465.564690835,41.63,True
20251031,94763,418960.6273177032,6420405.113288726,33.06,True
20251031,192985,419026.4308213867,6420402.147676496,36.00,True
20251031,151050,413939.04851971375,6420662.84558878,44.69,True
20251031,89520,416329.91515262367,6420555.128343692,56.13,True
20251031,128991,417295.01315130526,6420511.295100971,35.80,True
20251031,74085,429644.4704987949,6419963.613710489,131.57,True
20251031,138592,409400.3943726252,6420905.139069751,58.86,True
20251031,185536,416658.6033373051,6420572.101941634,35.65,True
20251031,89883,418880.32111044414,6420469.268022542,65.91,True
20251031,105989,427956.74942394654,6420067.898459702,119.43,True
20251031,179304,413417.8,6420812.4,41.05,True
20251031,59993,415194.9850533586,6420730.407252422,77.78,True
20251031,184282,415809.1202809467,6420702.384295611,37.54,True
20251031,4605,417125.1336171157,6420642.538801218,35.08,True
20251031,94762,419031.64829067065,6420550.875857316,31.93,True
20251031,186484,421226.7890950888,6420457.802309625,37.28,True
20251031,101633,414845.46148699755,6420777.2682922855,37.46,True
20251031,101636,415240.2594213021,6420759.2244577315,77.84,True
20251031,151887,415415.7255364688,6420751.213000113,37.82,True
20251031,121932,421118.49618447566,6420493.528844486,24.90,True
20251031,144903,409517.2378799481,6421054.1263542175,68.23,True
20251031,113631,415987.3959376949,6420756.030883188,38.61,True
20251031,87555,408116.4694169132,6421181.322701151,57.23,True
20251031,25955,410989.56157993985,6421047.473752676,70.59,True
20251031,43853,413928.51324393525,6420911.929434541,51.15,True
20251031,101553,415309.821072324,6420853.412687886,36.10,True
20251031,15346,417525.52560313436,6420747.9247581335,32.11,True
20251031,62059,418051.92557055043,6420724.098140772,33.42,True
20251031,59992,414807.23442309425,6420902.557686005,74.84,True
20251031,88095,408119.3552038969,6421242.961119075,68.74,True
20251031,81877,415597.4140032264,6420897.412025811,43.57,True
20251031,61942,415751.75092690694,6420890.309609373,42.31,True
20251031,90646,416519.40070031496,6420855.358915628,39.74,True
20251031,164500,418712.709407444,6420756.020599499,28.75,True
20251031,140969,419304.90873786254,6420729.331540732,26.68,True
20251031,52003,412638.66740485607,6421067.787471073,53.32,True
20251031,82243,412684.1238288969,6421061.919091872,48.05,True
20251031,144777,416805.92881286354,6420873.222487084,35.32,True
20251031,1018,430075.9339911714,6420284.62252339,117.52,True
20251031,159532,411324.25378347473,6421155.5117931515,68.34,True
20251031,81876,415622.96588225925,6420957.952481018,42.83,True
20251031,121844,411118.1267494009,6421195.426794475,49.36,True
20251031,133312,417883.43192069314,6420886.142537089,34.95,True
20251031,65206,418036.9616329859,6420879.197329494,32.73,True
20251031,182142,418344.02157041436,6420865.318256285,25.21,True
20251031,28551,407467.19495521515,6421397.075761796,74.88,True
20251031,144834,409901.5589102497,6421283.322581101,59.86,True
20251031,60549,414967.809062766,6421049.640562364,48.87,True
20251031,62072,417621.63447284995,6420928.87876142,44.92,True
20251031,56909,417665.49978680897,6420926.892188684,38.52,True
20251031,64758,418762.1371722827,6420877.32817298,27.08,True
20251031,152009,411328.5349748739,6421247.971592977,70.29,True
20251031,65699,416679.93421597336,6421002.485867231,33.20,True
20251031,21681,418216.91406654794,6420935.544950802,31.35,True
20251031,54304,444580.6834248287,6419797.135365969,107.82,True
20251031,132136,407382.3641161625,6421462.830758557,56.11,True
20251031,165866,416374.2831625776,6421047.267968498,33.26,True
20251031,94819,417624.8170382206,6420985.355910454,33.39,True
20251031,121915,411179.29781268915,6421347.541663924,46.99,True
20251031,148607,420346.8402904038,6420929.582690589,27.91,True
20251031,44768,407408.6343034728,6421554.258465254,75.40,True
20251031,90761,407452.49521770596,6421552.200036985,68.32,True
20251031,18568,411795.93695922726,6421349.880076042,89.27,True
20251031,63984,414840.17512822535,6421208.846442239,47.47,True
20251031,30471,417826.00334769586,6421074.04858493,41.60,True
20251031,128074,417913.62479428435,6421073.494111193,18.67,True
20251031,144518,425875.3326842754,6420714.944013047,117.77,True
20251031,130611,402059.1850171028,6421838.519806116,78.30,False
20251031,77140,411030.06537808984,6421447.115278927,66.77,True
20251031,64314,417431.1,6421153.3,39.09,True
20251031,65701,418135.84059298836,6421121.802027592,31.02,True
20251031,100473,418288.3823309008,6421112.709813975,30.79,True
20251031,31664,418532.9807987977,6421109.028129903,31.43,True
20251031,193809,416799.396695177,6421213.251551952,33.09,True
20251031,64762,419913.72664078255,6421072.561049877,33.79,True
20251031,189713,420747.1507661061,6421035.175343832,23.67,True
20251031,15345,421185.7970479126,6421015.543405935,21.89,True
20251031,7252,435047.7190360905,6420411.0709925955,56.05,True
20251031,99294,417699.99303524854,6421203.291249028,28.45,True
20251031,7511,407591.3060586035,6421700.1218372425,68.29,True
20251031,10935,415726.3640354237,6421325.398026568,46.22,True
20251031,20775,417263.53508461907,6421255.951072455,43.41,True
20251031,98200,407614.681494235,6421729.912270491,57.08,True
20251031,48080,407636.61133161705,6421728.883742624,63.02,True
20251031,101635,417285.96745777957,6421287.012802159,39.41,True
20251031,101631,417199.7594735868,6421318.616364044,39.47,True
20251031,151442,398692.520387147,6422216.562103894,87.84,False
20251031,48221,413228.79962686746,6421529.730763407,72.40,True
20251031,43217,407816.3837132116,6421813.115547345,75.08,True
20251031,61978,413286.2313226281,6421554.159298364,64.23,True
20251031,138091,416259.5231185927,6421423.10815771,32.64,True
20251031,38743,417573.8,6421362.3,38.52,True
20251031,7962,417882.42041417543,6421349.455907718,35.44,True
20251031,165070,420758.1951543771,6421281.751476884,19.45,True
20251031,88494,417645.3655455913,6421452.84142257,36.82,True
20251031,117231,408700.76921918493,6421926.159363901,70.16,True
20251031,173001,409205.1405118656,6421902.610616067,69.69,True
20251031,86676,418415.7303418892,6421479.766830971,10.23,True
20251031,116474,420828.1300740075,6421371.270882527,20.98,True
20251031,82158,407934.6953213489,6421992.891804609,59.10,True
20251031,99190,407975.8643085122,6421993.739390671,62.10,True
20251031,78948,408285.55835102743,6421976.462627966,70.62,True
20251031,121636,417693.4143551077,6421543.318960913,26.93,True
20251031,123268,417781.1363509712,6421539.347134046,32.82,True
20251031,65281,416751.8068227553,6421616.915155328,47.91,True
20251031,150764,418067.62710721896,6421557.268614111,36.82,True
20251031,85193,400372.40092740796,6422413.584316004,77.59,False
20251031,105638,416687.4168537569,6421650.725852847,44.46,True
20251031,160655,416799.4349335528,6421645.923374888,42.09,True
20251031,112713,417301.4614230176,6421622.849895627,31.46,True
20251031,65293,417959.3693621585,6421593.0499165915,31.07,True
20251031,65357,415548.4620174604,6421733.4767732145,42.76,True
20251031,67802,416930.04784301115,6421670.588502104,60.13,True
20251031,193349,418200.75496405194,6421611.67299758,29.20,True
20251031,156711,415177.06373018457,6421781.31981689,35.90,True
20251031,78242,416695.3,6421712.7,96.65,True
20251031,64315,416821.7977291479,6421706.389552505,46.83,True
20251031,146793,425134.8449680865,6421365.202104669,100.52,True
20251031,48214,409127.4904650087,6422122.438600789,68.66,True
20251031,100877,416649.16035646613,6421776.003559698,48.65,True
20251031,53307,415159.2881238311,6421874.885662064,36.41,True
20251031,37402,417681.254710728,6421760.061180895,43.15,True
20251031,132440,414306.2130140132,6421947.025995812,30.53,True
20251031,99593,417660.4042311872,6421791.853869663,26.85,True
20251031,7569,418011.595254573,6421775.993911099,32.00,True
20251031,191240,419590.5407723899,6421704.770469722,60.10,True
20251031,62863,418034.9190294753,6421805.823318244,32.11,True
20251031,111980,414067.13827587303,6422017.8,31.60,True
20251031,27506,420141.5573380882,6421741.777303376,49.41,True
20251031,65364,416546.51939584216,6421935.093576225,72.11,True
20251031,81911,416787.73985954793,6421924.129641657,32.08,True
20251031,58494,416809.6690136465,6421923.133383192,28.73,True
20251031,125303,417471.9562422203,6421893.490442017,24.53,True
20251031,80581,421612.23771071556,6421706.811185167,111.71,True
20251031,118096,408960.6968583904,6422315.542801217,70.88,True
20251031,188698,410254.4418673144,6422255.271010682,83.10,True
20251031,125302,417841.7382798477,6421907.217561038,24.15,True
20251031,67327,415321.30962009885,6422052.696169598,43.52,True
20251031,132022,416679.80409814755,6421990.661995621,55.00,True
20251031,54742,416900.18513971026,6421980.7913106475,52.19,True
20251031,85448,416965.9720145319,6421977.803953377,30.25,True
20251031,161693,417886.9915686705,6421936.053851599,31.87,True
20251031,55578,418871.7922470633,6421890.540746343,48.39,True
20251031,45381,420365.0032681189,6421824.401781164,36.10,True
20251031,51998,406441.9294772923,6422495.43088355,61.21,True
20251031,65205,414752.5749724402,6422109.5806983365,40.15,True
20251031,122281,417934.99426557275,6421964.150129271,15.46,True
20251031,176902,409491.2736551605,6422383.451278239,63.19,True
20251031,143684,419051.02432970895,6421944.90175319,23.95,True
20251031,174333,406247.4901987693,6422566.365532402,79.25,True
20251031,183707,413461.8331046577,6422226.293739281,46.39,True
20251031,133063,415723.1,6422128.8,36.69,True
20251031,64754,416377.9775823667,6422097.510029952,35.07,True
20251031,26883,417386.81500848144,6422051.363735387,60.01,True
20251031,97817,417629.4271310796,6422071.253561706,28.57,True
20251031,125495,417825.3328439702,6422062.830044373,23.35,True
20251031,89881,415810.7676638838,6422184.787004639,40.37,True
20251031,65360,415854.6241417048,6422182.787691172,34.76,True
20251031,176903,417148.6195466054,6422119.598438287,27.11,True
20251031,162155,410067.1250753516,6422480.184368326,70.85,True
20251031,161981,417654.14786787867,6422131.902754889,30.55,True
20251031,178752,423881.9594286078,6421852.930978298,104.96,True
20251031,184937,411888.519260476,6422426.615055414,55.17,True
20251031,67761,416339.7678164202,6422224.0880931495,37.28,True
20251031,145858,416931.9114927086,6422195.543058711,53.44,True
20251031,54913,417589.74628737714,6422165.879665534,47.13,True
20251031,187021,418686.17848371377,6422116.126718809,26.03,True
20251031,22989,415464.1370248129,6422293.25486501,140.83,True
20251031,116445,419694.92189417314,6422100.4226322835,21.58,True
20251031,125923,412593.1449556757,6422452.86918858,63.98,True
20251031,167964,441474.2509469086,6421191.20556862,120.65,True
20251031,94809,413429.1128087189,6422479.137937471,44.77,True
20251031,133955,416630.5095577622,6422332.9480391415,31.39,True
20251031,113128,408628.58226557256,6422732.583423772,58.84,True
20251031,137826,409966.0937720401,6422670.20194957,86.76,True
20251031,60752,411447.7334701637,6422594.519289302,84.54,True
20251031,106889,417596.74086870323,6422319.810166201,40.13,True
20251031,86674,417965.78817395633,6422301.949043314,11.28,True
20251031,27175,409796.42155346385,6422801.644504481,80.04,True
20251031,96395,417690.0357005532,6422439.121879545,38.08,True
20251031,193072,404469.9556633777,6423082.816574673,72.29,False
20251031,178751,415191.74993197527,6422583.6597790625,36.66,True
20251031,82649,417537.94110060734,6422476.896813494,23.09,True
20251031,109101,419243.1269790352,6422406.219793761,28.67,True
20251031,55577,413199.01341548125,6422707.949668782,63.96,True
20251031,43854,423021.2211710789,6422261.715273519,114.66,True
20251031,65358,417169.320804591,6422586.586800765,34.27,True
20251031,188415,419471.71036333404,6422482.2184158815,22.27,True
20251031,100647,419888.3275820913,6422463.482089431,47.13,True
20251031,47929,431378.67859020125,6421957.728147166,98.76,True
20251031,164769,431400.60762601515,6421956.783217372,96.56,True
20251031,94969,407808.38869537035,6423048.959784363,66.55,True
20251031,61799,417477.7475896744,6422603.162782833,32.74,True
20251031,179268,454911.6019317975,6421019.016900891,48.98,True
20251031,97169,413048.3,6422837.5,59.83,True
20251031,45397,411472.79999625427,6422940.018115237,73.84,True
20251031,130834,418818.06748439587,6422604.323147143,21.27,True
20251031,150368,422592.1557257797,6422434.694982782,111.73,True
20251031,64310,416846.07342029695,6422724.480468236,39.77,True
20251031,166070,416562.43291491416,6422768.257119819,30.65,True
20251031,122423,417395.63039268996,6422730.423403921,34.60,True
20251031,65285,418755.0686913191,6422668.933823395,22.78,True
20251031,82849,411499.0054444519,6423031.462532393,73.60,True
20251031,50485,422638.42750583816,6422530.3584421845,114.05,True
20251031,50490,407115.4741334583,6423266.804280573,71.15,True
20251031,58780,422620.75692695886,6422556.728967283,131.26,True
20251031,65294,414615.0983217504,6422943.308274782,37.76,True
20251031,60668,415517.01409055834,6422970.309752058,39.79,True
20251031,113140,406508.8482479883,6423449.776660639,79.08,True
20251031,69984,406618.46722015965,6423444.615341741,76.57,True
20251031,39838,415869.66705339414,6423014.407546006,38.50,True
20251031,100397,413898.2,6423126.2,49.83,True
20251031,124693,415872.03723153606,6423046.769636609,38.70,True
20251031,65279,417713.76666775,6422963.082210359,35.84,True
20251031,21821,414493.5801795389,6423171.533241853,66.95,True
20251031,154214,410900.30541746784,6423396.83655666,66.62,True
20251031,182463,412106.64931990724,6423343.107267809,70.42,True
20251031,168640,415505.2891684681,6423188.271362406,47.96,True
20251031,89221,416865.67575770256,6423155.974273116,28.69,True
20251031,99119,403210.13990753324,6423853.099492654,89.94,False
20251031,128270,407791.994315832,6423636.57510472,72.67,True
20251031,9567,403277.37440851674,6423880.78548944,87.67,False
20251031,161859,410950.3915771473,6423520.17058367,61.72,True
20251031,99839,420222.5,6423099.7,32.09,True
20251031,192908,416305.5864802869,6423336.083329742,40.16,True
20251031,125106,416741.1309888449,6423316.0564494375,26.42,True
20251031,139921,409968.1389596275,6423658.46425897,74.13,True
20251031,130626,428516.2973445996,6422822.901116353,90.07,True
20251031,135793,419922.9549756259,6423234.023661488,40.18,True
20251031,96201,416043.76945668994,6423440.44497353,48.78,True
20251031,121918,407056.90981264156,6423887.332800082,50.73,True
20251031,121907,408396.9912415493,6423824.948818545,54.62,True
20251031,137360,422797.84170312167,6423167.259890551,83.75,True
20251031,65287,413108.84710492194,6423636.632075132,61.36,True
20251031,137664,413130.77023472387,6423635.62287488,62.19,True
20251031,64317,416441.20341980143,6423484.118698259,28.82,True
20251031,64932,417866.24901581946,6423419.44307706,31.89,True
20251031,183090,425387.7056484076,6423114.374279517,90.63,True
20251031,64757,419272.16193950985,6423417.723778519,41.71,True
20251031,24487,423657.0106817165,6423221.754848065,182.51,True
20251031,165355,413623.06689575245,6423696.350697868,49.59,True
20251031,189687,414906.6010540838,6423651.234284076,44.38,True
20251031,63986,414932.7083771622,6423645.592386999,47.88,True
20251031,93287,416226.17720181146,6423586.5600761,33.86,True
20251031,93874,417081.18873255147,6423547.686099564,27.10,True
20251031,177547,412195.19569599314,6423833.187473198,61.21,True
20251031,174937,417741.83312979306,6423579.684481347,20.53,True
20251031,101102,420767.1379485621,6423443.21358623,19.36,True
20251031,176383,465059.90832447173,6421616.336964873,53.10,False
20251031,94448,405861.21605235897,6424159.82526729,69.01,False
20251031,170732,419409.25617281196,6423535.085790789,7.69,True
20251031,121919,407195.44362561824,6424157.3900040435,52.40,True
20251031,97333,418491.2573562536,6423638.2535176305,17.99,True
20251031,80068,429365.5490382884,6423156.54946247,75.20,True
20251031,160420,411499.3868927518,6423988.904236825,59.62,True
20251031,140253,416256.52035773406,6423770.486518533,31.88,True
20251031,113496,410471.92592941306,6424098.328647217,68.95,True
20251031,21815,411480.3188928802,6424051.558542271,68.82,True
20251031,58752,421630.4295670984,6423589.894444055,99.08,True
20251031,94017,410210.30137291073,6424141.375767936,73.23,True
20251031,5814,416940.32425515,6423832.043195212,38.71,True
20251031,27583,418387.2129511755,6423766.490984976,21.10,True
20251031,165630,455309.71682385204,6422207.562998997,42.16,True
20251031,31969,417950.1551833968,6423817.1409562705,34.45,True
20251031,169398,418388.60574161005,6423797.31222351,22.70,True
20251031,54520,405565.96811215475,6424420.865623737,80.19,False
20251031,65276,414115.1865264558,6424022.778489281,49.46,True
20251031,18933,417005.29278577695,6423896.095190518,77.57,True
20251031,168641,421765.6516359176,6423674.566226139,81.09,True
20251031,67008,416838.3467396275,6423961.595525972,44.85,True
20251031,133875,420476.79485186527,6423826.833795193,29.42,True
20251031,182113,416860.0800359787,6424022.492568931,44.60,True
20251031,98954,421004.5732719637,6423834.26126311,26.99,True
20251031,116724,421596.22170944366,6423807.606730844,95.23,True
20251031,64313,414625.8887101685,6424151.443727481,49.77,True
20251031,28221,426004.07394416525,6423643.131820995,122.31,True
20251031,171916,406517.25667308946,6424561.309741156,75.35,True
20251031,171302,413949.71607984294,6424246.5681023775,61.66,True
20251031,99677,418292.9262900012,6424110.478503613,31.04,True
20251031,177526,427215.2466548225,6423713.527937666,116.99,True
20251031,103367,410204.845818836,6424511.119003109,60.07,True
20251031,169075,418908.11886192916,6424113.581997485,20.30,True
20251031,139773,420596.0808182079,6424037.670093643,42.03,True
20251031,178453,418953.35184759833,6424142.425803872,25.24,True
20251031,65660,419062.9586346804,6424137.483374085,24.44,True
20251031,157989,401923.00930859864,6424964.724189281,75.76,False
20251031,48173,409002.8614973769,6424630.052241118,73.01,True
20251031,30309,459976.361172606,6422489.257927795,95.75,False
20251031,105234,408370.07853645086,6424721.409303114,55.56,True
20251031,178945,413059.1068470247,6424498.678314014,52.31,True
20251031,45998,415828.47375018225,6424500.339626635,44.34,True
20251031,90655,416792.96109451033,6424456.42872094,73.51,True
20251031,134070,419445.33620812156,6424336.443504337,27.27,True
20251031,50489,420629.057237778,6424283.2607429745,34.57,True
20251031,144911,408903.3422752373,6424850.904826304,77.72,True
20251031,133444,417623.4572930538,6424447.071804803,53.18,True
20251031,170038,448231.30664625124,6423137.8833955275,36.71,True
20251031,182510,412652.9404655602,6424707.742395744,52.25,True
20251031,151174,421902.10478007054,6424283.267247115,80.35,True
20251031,109921,407022.68147270626,6425031.712552612,78.84,True
20251031,192961,410103.30440907326,6424898.036066257,75.18,True
20251031,117511,416864.3237859527,6424576.723554452,11.81,True
20251031,64319,417128.00840535626,6424563.747138247,54.45,True
20251031,42152,421840.21288372745,6424352.612022068,128.84,True
20251031,67801,417264.04801666853,6424583.29762897,38.15,True
20251031,48462,431684.23654837767,6423951.852407819,117.89,True
20251031,17218,460799.5000180622,6422766.368613372,129.94,False
20251031,38030,400231.17427116306,6425416.552518117,128.36,False
20251031,122373,422054.9581670327,6424406.212491102,94.40,True
20251031,11303,414153.7678860695,6424791.159826627,70.45,True
20251031,103397,417417.9115025009,6424675.130731776,23.45,True
20251031,53287,418494.1322011124,6424628.71565709,59.14,True
20251031,136232,421123.73190669075,6424539.054110841,33.72,True
20251031,61322,406860.3861179724,6425317.326905594,81.39,True
20251031,48428,408659.0511103538,6425263.8450117875,73.31,True
20251031,183760,415630.3730081153,6424972.648210082,31.02,True
20251031,161318,425274.81818641187,6424539.950082513,99.18,True
20251031,182148,443099.37865401804,6423841.371577705,34.63,True
20251031,176448,411470.21728614706,6425256.568650255,67.86,True
20251031,21982,415305.8218535397,6425080.123717359,45.45,True
20251031,175379,407723.83510236186,6425462.080161832,79.45,True
20251031,90421,421663.58026031195,6424823.749897962,60.84,True
20251031,132043,425039.13953697064,6424673.875980344,95.86,True
20251031,184264,417785.37601385586,6425029.087312465,27.46,True
20251031,6918,422366.36186158133,6424823.278752984,64.96,True
20251031,147580,427166.6946140343,6424611.236615676,112.71,True
20251031,48445,424274.6877406836,6424769.4224958215,80.29,True
20251031,193628,408672.0213802029,6425541.215212507,73.76,True
20251031,143639,422304.7261237012,6424918.675064643,83.64,True
20251031,150939,414196.4888051193,6425316.2220301675,41.54,True
20251031,161658,418415.1469452624,6425129.2457903335,26.69,True
20251031,173149,423095.16839522653,6424914.379171824,75.98,True
20251031,132348,423928.0789250355,6424877.418720659,74.85,True
20251031,15779,428114.6246858753,6424693.330122483,124.62,True
20251031,90420,421847.1878621965,6425000.850486706,59.60,True
20251031,125678,417311.8,6425227.5,22.20,True
20251031,65203,419415.6626341604,6425140.760174944,33.78,True
20251031,45384,421738.9727817269,6425036.565789831,145.63,True
20251031,53558,426102.11800508073,6424874.11832653,99.11,True
20251031,31053,410673.58759274456,6425602.370134044,85.87,True
20251031,132229,419856.79175401,6425182.677395436,27.38,True
20251031,109239,422771.8749840728,6425052.2877603145,81.67,True
20251031,172386,410038.85516803525,6425663.586276405,57.53,True
20251031,4637,414707.6424132008,6425447.219278062,36.69,True
20251031,134587,428472.05185414094,6424832.153338764,122.49,True
20251031,145927,419530.8017482977,6425259.111269019,35.13,True
20251031,110872,415085.0645189335,6425490.556353177,50.89,True
20251031,179484,416704.8849518488,6425417.851011577,34.18,True
20251031,50093,421789.69071448554,6425188.717422473,140.02,True
20251031,50090,413487.39645157,6425657.6424665395,59.04,True
20251031,165247,418989.8182328979,6425437.907616079,30.02,True
20251031,90419,422211.62400103884,6425293.42373008,54.29,True
20251031,179703,416976.2884874772,6425590.822049231,40.71,True
20251031,168642,422486.2,6425349.4,102.11,True
20251031,135730,422521.02137289307,6425340.56680415,127.91,True
20251031,179773,405296.8876746806,6426163.263940159,41.27,False
20251031,86539,417570.8230647983,6425625.6098003555,35.22,True
20251031,94628,415555.96103261417,6425748.16238671,37.24,True
20251031,60673,418010.541445703,6425636.575348712,60.59,True
20251031,80869,411922.2791431365,6426007.787996385,78.52,True
20251031,77730,428468.9397009791,6425264.634508569,114.13,True
20251031,68126,417908.10772253654,6425765.36492562,58.87,True
20251031,90418,422532.1937773441,6425587.970010462,52.92,True
20251031,37464,416156.1118677092,6425906.096748948,34.42,True
20251031,177421,418939.36344159895,6425779.906564748,35.05,True
20251031,62071,418239.46037269104,6425842.406336566,50.20,True
20251031,159534,420870.7105781986,6425754.840197693,47.36,True
20251031,90218,420872.09154195414,6425785.6617822945,30.36,True
20251031,87536,440422.1204007091,6424940.4536922015,63.00,True
20251031,183171,422116.66634723876,6425761.966234502,71.26,True
20251031,159537,422714.3832757041,6425734.273736313,40.70,True
20251031,48453,405140.53839510895,6426572.194285618,76.35,False
20251031,3990,414016.6163221195,6426227.116289644,74.69,True
20251031,146697,431923.2760429507,6425423.857532491,88.62,True
20251031,181233,419281.98644223384,6426073.296540523,36.53,True
20251031,173725,418912.22093065234,6426151.737811245,30.27,True
20251031,64759,419897.89638584206,6426106.358634392,29.47,True
20251031,93180,421060.6445998315,6426057.222160067,20.46,True
20251031,140588,412449.0834750524,6426477.614756804,55.20,True
20251031,192960,414508.9337444906,6426382.868711579,40.49,True
20251031,27180,414748.8372736991,6426403.096528242,43.31,True
20251031,180262,418121.30927976547,6426252.469432717,36.69,True
20251031,171537,404826.45112884033,6426895.941018467,63.45,False
20251031,47937,414776.4146409299,6426432.144751626,44.59,True
20251031,64755,419836.78226730385,6426202.739184963,33.72,True
20251031,92654,421107.80593988247,6426145.705734886,35.11,True
20251031,100619,430421.69230523007,6425735.700804941,55.45,True
20251031,47936,414776.1292420806,6426463.283045433,49.77,True
20251031,124517,421503.64185187034,6426158.880114216,67.55,True
20251031,160353,426982.31263430195,6425916.362433283,112.90,True
20251031,144676,430444.9417378016,6425765.576139896,63.49,True
20251031,180194,411994.60837469425,6426622.152697528,52.19,True
20251031,163685,413239.9,6426562.3,63.18,True
20251031,182752,415018.58450238267,6426483.070831041,31.42,True
20251031,174076,408906.4040136881,6426796.593140289,56.20,True
20251031,43747,421880.3129354988,6426234.701518001,89.42,True
20251031,48441,409544.7281163492,6426828.566850148,47.47,True
20251031,101332,433715.6789086762,6425748.439513283,69.83,True
20251031,10684,412965.8683925088,6426731.747116179,78.29,True
20251031,165547,418202.9945593268,6426492.620410739,35.79,True
20251031,54004,418509.77803636517,6426478.749507817,14.29,True
20251031,89439,420679.1949231646,6426381.093596712,62.20,True
20251031,54005,418511.17081596644,6426509.570506621,14.26,True
20251031,120446,439198.57719628664,6425609.1383755,67.29,True
20251031,105013,439264.32577797095,6425606.386344936,67.25,True
20251031,54006,418513.9563748039,6426571.212496148,14.24,True
20251031,92653,421298.28957133286,6426476.897261149,31.80,True
20251031,26780,421453.05986091646,6426500.857783609,112.57,True
20251031,127260,422504.89032884734,6426453.912100067,75.80,True
20251031,142695,421322.9605108858,6426537.560091497,17.86,True
20251031,110013,424588.0241720454,6426392.344712839,94.29,True
20251031,41915,424631.8510465714,6426390.407153336,91.29,True
20251031,164019,429343.3191031716,6426183.917799317,82.31,True
20251031,117774,434604.1282302029,6425988.451686598,69.98,True
20251031,155689,441047.23630238406,6425717.298755072,46.50,True
20251031,188297,427242.2737886444,6426337.323164365,92.18,True
20251031,170423,407414.752260424,6427298.892604241,56.81,True
20251031,48281,414075.63270811096,6426989.556223967,46.02,True
20251031,72568,410945.2089891846,6427195.817641259,68.74,True
20251031,20342,438358.0894165702,6425984.0557821505,56.84,True
20251031,32427,420390.3929505575,6426795.535827032,30.30,True
20251031,51997,407442.4530598481,6427421.137132471,54.03,True
20251031,85906,421465.4641074332,6426778.252433029,34.97,True
20251031,166072,420417.83878123993,6426917.837761224,38.26,True
20251031,5105,441920.18148442113,6425989.839482031,16.16,True
20251031,124518,422458.37787443324,6426888.346745052,55.03,True
20251031,193050,405305.5164794912,6427738.091602414,54.27,False
20251031,38428,408548.0438333046,6427585.505616066,61.54,True
20251031,171983,422461.12461279775,6426949.9903797135,77.28,True
20251031,85691,440999.43178352906,6426151.592948508,50.79,True
20251031,65282,419856.45636575966,6427128.362952608,38.39,True
20251031,131189,403666.7734530773,6427908.512669341,65.09,False
20251031,27590,423166.4031761218,6427011.252894257,77.50,True
20251031,161269,438285.9709362985,6426357.6406000955,54.21,True
20251031,48208,401895.1797368189,6428054.838512792,60.43,False
20251031,48215,416595.98642403906,6427368.519814328,25.51,True
20251031,48211,413157.5792993828,6427556.813982106,43.74,True
20251031,160773,416663.1185400699,6427396.349752625,38.04,True
20251031,110881,418437.83207419846,6427315.867030192,17.19,True
20251031,145598,421373.82804454525,6427183.833065583,31.47,True
20251031,60697,404154.60857194866,6428008.867835629,58.19,False
20251031,106968,433645.6425650824,6426677.851727491,61.40,True
20251031,64722,452031.30434228,6425918.845988478,151.00,True
20251031,95541,414212.06006787356,6427570.107431742,46.43,True
20251031,114173,421376.5856235911,6427245.476173331,34.80,True
20251031,84886,441053.51168802887,6426396.37696449,33.80,True
20251031,56395,398549.32954022265,6428339.454787608,74.80,False
20251031,90523,419296.4932691108,6427369.988944795,20.37,True
20251031,92970,419888.07035032066,6427343.126079637,38.46,True
20251031,141856,418552.9541475589,6427434.199221634,28.30,True
20251031,156643,419255.56164391874,6427429.369990775,27.17,True
20251031,145247,458084.7763624757,6425804.339821752,109.72,False
20251031,150947,418754.3176072691,6427517.754428789,34.91,True
20251031,143880,438824.8219853963,6426643.819644312,38.78,True
20251031,77143,401999.032234747,6428389.632510688,72.65,False
20251031,54694,418629.3370602945,6427706.599978346,24.79,True
20251031,175703,412301.1416189524,6428028.711225546,43.83,True
20251031,151010,416551.2976973235,6427833.817945016,39.51,True
20251031,48623,414975.31522790244,6427936.631064447,43.79,True
20251031,46002,415325.84369990556,6427920.598163421,29.20,True
20251031,65284,418156.1968612417,6427884.516064084,16.63,True
20251031,107854,417631.79887167935,6427939.154519757,19.50,True
20251031,128305,417982.3448506111,6427922.6150992345,14.09,True
20251031,121917,418553.3305143277,6427928.323599261,7.25,True
20251031,165711,418028.9342700994,6427982.928608564,22.48,True
20251031,96382,418074.14522145194,6428011.765658829,22.44,True
20251031,16759,410605.24378719134,6428385.259546683,55.04,True
20251031,83387,417835.9532457687,6428084.321208784,16.00,True
20251031,111766,415405.6528402527,6428225.795789737,33.72,True
20251031,136679,406973.8,6428649.5,47.27,True
20251031,183666,432583.11243949167,6427495.396374701,77.01,True
20251031,134800,413087.7923306808,6428424.8104408765,39.08,True
20251031,164835,432520.0314192551,6427559.866704976,78.42,True
20251031,103420,418853.44139989105,6428254.489097281,45.15,True
20251031,181345,425951.45261255704,6427938.08836554,59.36,True
20251031,48455,406653.30688932893,6428848.151363572,56.76,True
20251031,168940,418898.64642775786,6428283.3321033055,42.49,True
20251031,51141,421419.32803778426,6428200.9429794345,11.32,True
20251031,137412,403939.05860445567,6429044.685305431,63.02,False
20251031,3716,407444.7777639086,6428872.687747396,29.21,True
20251031,97547,418309.9529558262,6428371.701267669,28.58,True
20251031,102907,418989.0552237958,6428341.019090899,45.89,True
20251031,46035,427116.6329498912,6427979.569556793,74.40,True
20251031,186391,403985.3442931457,6429067.074985617,63.09,False
20251031,68898,422298.3625494482,6428223.447798625,86.36,True
20251031,76439,422583.1537398615,6428210.754460953,98.01,True
20251031,103048,418927.5089405996,6428436.447816981,45.89,True
20251031,48624,401317.5155766265,6429287.141697414,85.31,False
20251031,77147,424274.09981299675,6428228.304138754,44.93,True
20251031,124703,418712.62337333336,6428538.801915842,22.71,True
20251031,113348,446009.9682759873,6427365.676498064,47.37,True
20251031,65362,418407.33510062384,6428583.48360198,33.92,True
20251031,165248,421179.2204290275,6428491.356460523,7.02,True
20251031,105571,441631.8659655566,6427638.394821086,38.28,True
20251031,188301,444856.3193885068,6427598.098587115,27.61,True
20251031,159535,422050.49923461577,6428636.362329489,27.97,True
20251031,183225,402736.9876373757,6429589.859390615,81.67,False
20251031,157119,423304.7242050506,6428641.892625517,45.80,True
20251031,192072,426219.54372930294,6428543.938278551,58.68,True
20251031,182407,423421.13338652643,6428759.414666448,44.63,True
20251031,45396,403510.9042689758,6429707.392777102,72.80,False
20251031,191936,435712.94634028093,6428319.079628614,52.31,True
20251031,171517,464281.9061438027,6427172.248107547,83.47,False
20251031,163665,409604.0500191583,6429512.8714505555,61.27,True
20251031,176226,424410.91765983833,6428839.896902183,48.67,True
20251031,50488,408751.29862449813,6429583.589728262,55.98,True
20251031,52962,413921.8887490884,6429375.408529626,67.33,True
20251031,147654,428162.0745718772,6428798.533932024,70.89,True
20251031,174441,445536.2696272507,6428126.083779249,29.51,True
20251031,97337,408190.50935485936,6429795.164834874,62.47,True
20251031,177945,461071.71084628697,6427572.442073322,137.54,False
20251031,164396,410582.08824429085,6429776.186353131,41.77,True
20251031,77154,445363.9,6428283.4,45.72,True
20251031,172131,407825.4166362749,6429966.7185701355,64.07,True
20251031,182923,405527.30405551783,6430105.882645656,85.27,False
20251031,193434,405812.009175969,6430092.422332065,68.35,False
20251031,64992,405287.85910619056,6430148.09998988,81.63,False
20251031,51996,444691.99670185195,6428407.664216748,41.04,True
20251031,120404,413614.4756526351,6429852.215335262,36.97,True
20251031,130114,403697.95355398563,6430408.891913095,93.96,False
20251031,152481,422117.9139379219,6429590.346502143,43.32,True
20251031,141724,421177.50351645664,6429663.273502665,18.05,True
20251031,116577,444464.94247745257,6428756.636879362,32.69,True
20251031,147057,435573.0378354988,6429158.778924072,51.88,True
20251031,140854,435530.53971407976,6429191.46386843,54.31,True
20251031,127154,444357.9480843327,6428822.784887571,29.53,True
20251031,183403,443154.45579945284,6428903.189389688,70.47,True
20251031,52245,413064.2677554412,6430278.880716067,38.25,True
20251031,54204,411575.74482314603,6430378.664682087,81.94,True
20251031,170744,445348.7138409751,6428905.699519919,24.74,True
20251031,84526,443685.2428865386,6429004.830716439,9.69,True
20251031,99531,432975.77428470796,6429485.786578859,65.39,True
20251031,85861,432997.67683796387,6429484.847267356,35.39,True
20251031,167355,413222.7,6430393.3,41.88,True
20251031,173119,413419.5642384025,6430386.16589031,40.83,True
20251031,45980,432911.38893207756,6429519.4287656685,55.50,True
20251031,33490,425140.3177612585,6429950.299747561,49.49,True
20251031,153492,409375.4333506225,6430728.083972879,65.39,True
20251031,48289,409354.97412212606,6430759.9249321995,65.88,True
20251031,154215,429833.8794317479,6429899.259908531,42.83,True
20251031,141807,431609.20803046797,6429853.35352027,45.42,True
20251031,71123,437172.23410615645,6429616.022898608,32.01,True
20251031,88565,420728.63846333546,6430353.40729319,9.49,True
20251031,4975,445562.2316350747,6429298.383425819,47.66,True
20251031,98953,424822.7036264894,6430211.388310245,43.44,True
20251031,48464,445475.8789680213,6429332.790697556,47.58,True
20251031,88566,420728.84632189246,6430424.578274023,61.32,True
20251031,134496,437198.03962510027,6429707.572332997,47.86,True
20251031,45986,444075.3547735582,6429421.078677588,36.85,True
20251031,128073,444402.8826053046,6429409.59261101,20.13,True
20251031,116104,445586.65406535764,6429359.141161381,49.17,True
20251031,166374,429472.27661017154,6430162.012029541,63.84,True
20251031,72017,427788.66878736176,6430297.164658527,58.56,True
20251031,84954,422359.02279584657,6430567.839375566,30.60,True
20251031,99150,445334.09070072573,6429617.098064177,65.43,True
20251031,132712,445355.8076976205,6429615.601264123,56.44,True
20251031,174512,445377.70979413175,6429614.705503666,65.44,True
20251031,125068,445267.6495632162,6429650.164845951,43.57,True
20251031,82189,445378.9704864705,6429645.531819565,56.72,True
20251031,30013,423611.3622682096,6430604.7578860205,69.81,True
20251031,89722,412097.4469114449,6431219.297869332,69.91,True
20251031,91386,444859.6401162547,6429821.182237092,26.15,True
20251031,48618,407173.73539749853,6431510.76286097,77.76,True
20251031,81406,401373.05367227655,6431817.265134794,92.24,False
20251031,89370,414292.76867104723,6431241.681804315,50.02,True
20251031,172934,456668.5455812372,6429441.083362717,126.49,False
20251031,166401,461487.2139230934,6429254.627446708,148.56,False
20251031,106902,421375.0,6430959.9,11.66,True
20251031,28492,443901.0550825083,6429984.052747656,53.46,True
20251031,70354,411865.1463242674,6431415.3576511275,66.23,True
20251031,52117,456736.6627538599,6429500.172776645,115.82,False
20251031,43228,414318.9087104033,6431333.135607216,50.71,True
20251031,139389,444605.6760499043,6430047.74124605,42.56,True
20251031,106903,421438.06970330875,6431072.226918805,12.90,True
20251031,45982,427202.4946136386,6430940.457173667,67.22,True
20251031,101590,422149.7813060025,6431287.479110374,28.38,True
20251031,116879,422370.11837527825,6431308.530002076,34.28,True
20251031,101591,422240.11701284826,6431345.212693841,14.38,True
20251031,142462,425612.1432140818,6431195.650156982,48.56,True
20251031,155362,429728.7517959756,6431015.543640686,34.86,True
20251031,141896,422350.97197827615,6431371.149446949,44.40,True
20251031,192739,424978.5069418016,6431254.496867714,28.59,True
20251031,82359,426229.3146042948,6431261.119895747,32.20,True
20251031,147574,435366.9179161359,6431020.332385293,37.49,True
20251031,3715,426171.76172188774,6431448.94265525,42.55,True
20251031,168218,423723.57518097764,6431649.778669023,40.87,True
20251031,97642,410720.0265907167,6432271.492520545,79.96,True
20251031,192216,444289.4581297736,6430894.428585955,41.14,True
20251031,129361,399323.32927335944,6432997.032593801,91.82,False
20251031,77153,409241.40719239705,6432556.598780767,78.59,True
20251031,184119,414933.38274781493,6432293.262410107,31.33,True
20251031,43227,409616.44359764043,6432600.858433356,71.97,True
20251031,164549,415245.52140162163,6432402.509352572,30.31,True
20251031,186973,426346.71521604946,6431935.356728992,57.90,True
20251031,154020,453368.7666859365,6430867.722021519,97.52,True
20251031,171411,425102.8507330484,6432082.819745801,40.87,True
20251031,32335,442118.8719307772,6431447.151511556,64.74,True
20251031,170140,412607.9667144733,6432770.834341873,65.62,True
20251031,123908,425743.19432719133,6432178.0959331775,40.31,True
20251031,147652,425744.55260469177,6432208.917958886,40.31,True
20251031,159536,426051.05454584426,6432195.4184695585,39.26,True
20251031,87886,422456.6231110969,6432756.15568071,33.41,True
20251031,47932,421981.90607646236,6432931.759884884,39.20,True
20251031,48287,424480.16664008447,6432882.408844447,44.69,True
20251031,165058,444927.44007915066,6432010.732863254,25.78,True
20251031,189117,403074.3006549134,6433897.965164605,94.74,False
20251031,4556,397395.78890252335,6434418.671193003,92.52,False
20251031,140592,424538.95685628935,6433219.509077463,47.51,True
20251031,84769,444921.9719517741,6432412.368043898,21.49,True
20251031,143179,444987.6487350026,6432409.676415014,50.92,True
20251031,131830,425053.31002728466,6433443.815949317,39.93,True
20251031,130441,441237.6078637183,6432935.018166774,107.38,True
20251031,133542,408561.8208245905,6434441.531338246,74.31,True
20251031,55232,414164.52847180364,6434181.594086862,57.67,True
20251031,167971,427165.44634254806,6433597.895332881,48.71,True
20251031,48615,414144.05850223417,6434213.418953299,58.31,True
20251031,182091,411764.2257515053,6434446.761406388,60.04,True
20251031,144344,411807.9959579581,6434444.733622397,60.29,True
20251031,60245,440896.34652472707,6433165.368322868,136.42,True
20251031,158286,427086.0059246532,6433786.6681523025,42.08,True
20251031,69718,455347.80876690487,6432673.043139026,118.13,True
20251031,129458,455588.61368261167,6432663.580662862,108.94,True
20251031,55382,408247.9977866473,6434765.097843762,43.92,True
20251031,57009,437838.32674876787,6433447.853353828,102.90,True
20251031,57177,448892.4845252324,6432991.93877518,90.26,True
20251031,159171,410745.66082380794,6434710.23248869,65.90,True
20251031,56741,407376.99049117556,6434898.666110124,40.37,True
20251031,143908,409683.408651012,6434975.912614991,59.68,True
20251031,111961,437022.19612164027,6433852.845312114,101.74,True
20251031,173684,422755.200275717,6434534.027919195,35.62,True
20251031,160607,444519.1952457865,6433818.390786246,37.42,True
20251031,163414,416485.644541827,6435063.668965124,33.17,True
20251031,168370,446253.33142485906,6433870.934870558,47.50,True
20251031,63530,465560.1279551251,6433144.404382495,119.33,False
20251031,113178,428443.6579832754,6434746.342106353,33.14,True
20251031,51907,426519.2300124728,6434861.527950548,42.49,True
20251031,132048,444361.8298512595,6434257.143141668,25.60,True
20251031,187326,431193.8409831976,6434966.584265347,36.04,True
20251031,144509,411240.57707926544,6435922.638554054,62.50,True
20251031,99954,396261.2184506643,6436790.601378285,127.13,False
20251031,159594,451669.6523640936,6434455.180656309,67.35,True
20251031,81525,447018.23160356435,6434889.610698858,31.56,True
20251031,146695,447711.6260634954,6435231.974665402,49.97,True
20251031,156064,451543.54524464754,6435139.492954062,73.76,True
20251031,191579,414487.4354072009,6436915.460067434,46.39,True
20251031,114956,433259.9935903686,6436112.845523677,60.34,True
20251031,102026,406291.30864459754,6437451.603151425,73.65,True
20251031,106873,416857.1250807509,6436961.533166596,39.73,True
20251031,75333,406033.1853236559,6437556.45883805,76.00,True
20251031,71525,447185.8691469908,6435778.230921834,42.95,True
20251031,146713,457929.52506801824,6435350.833067565,104.75,False
20251031,166777,429756.23067374283,6436696.432286572,51.44,True
20251031,192399,427978.49213657953,6437144.511286588,45.28,True
20251031,191451,442969.15588093514,6436630.370518541,52.60,True
20251031,110424,415785.1130636866,6437967.832264425,40.51,True
20251031,56218,451225.7979874712,6436510.746391484,87.82,True
20251031,93507,441758.1063375814,6437020.200443789,72.18,True
20251031,96783,430056.22371324647,6437548.059559942,62.77,True
20251031,180017,448544.8188772095,6436865.582365561,61.91,True
20251031,37451,408857.19149363984,6438875.20322016,65.17,True
20251031,192720,463346.9958738876,6436624.311306819,159.41,False
20251031,58799,433571.2456909997,6438261.091344791,72.92,True
20251031,77346,404775.0582358242,6439685.445533805,87.89,False
20251031,169613,441012.9420969604,6438070.170592235,67.69,True
20251031,37740,415535.30737111,6439214.605710717,57.93,False
20251031,165250,397247.5,6440107.5,46.51,False
20251031,10112,460549.7605973037,6437379.745549903,98.96,False
20251031,56388,449292.104990137,6438008.717955187,46.58,True
20251031,43746,428237.852007631,6439052.598437722,81.27,False
20251031,168221,429855.34557326266,6438977.288559766,68.27,True
20251031,134352,414968.88860965264,6439765.575837794,56.07,False
20251031,29797,428067.4786665404,6439178.761637893,114.96,False
20251031,100963,429729.4908097041,6439106.280946349,65.88,False
20251031,173335,430218.629105214,6439270.316732262,76.55,False
20251031,47813,422894.3681811837,6439623.385560962,47.22,False
20251031,178799,445397.1634318097,6438661.028540045,100.70,True
20251031,91756,420487.47325369454,6439759.474361326,19.79,False
20251031,101403,430155.70067871193,6439334.808881326,64.90,False
20251031,77437,419890.6596059845,6440066.843093131,45.15,False
20251031,162585,464480.88912057097,6438217.562749738,71.74,False
20251031,189196,448543.3481184229,6438996.128662075,33.89,True
20251031,75745,452939.0988459698,6438819.881016974,69.67,True
20251031,130177,460225.44896347844,6438627.214181342,72.60,False
20251031,152679,454217.29790526046,6439016.21913463,70.13,False
20251031,42743,419340.7,6440516.0,10.25,False
20251031,79180,430324.3532313509,6440192.13960413,68.85,False
20251031,146943,463629.4614499726,6438867.345712923,55.78,False
20251031,126536,422434.10106223397,6440601.265115923,53.81,False
20251031,145796,434832.53559599415,6440090.81385766,88.69,False
20251031,71871,455745.6489444674,6439449.982961775,57.57,False
20251031,29173,430513.9734428229,6440523.598072276,59.02,False
20251031,82367,455857.4889242101,6439511.589734777,22.70,False
20251031,169741,462592.67759030766,6439246.463815801,56.17,False
20251031,102176,421291.929604545,6441022.967591463,38.69,False
20251031,21794,451028.5138126876,6439791.507980337,50.11,False
20251031,132576,459556.6015432683,6439455.779146878,41.14,False
20251031,170981,455885.3286570518,6439660.621278291,42.91,False
20251031,191332,428702.9982174406,6441189.117997816,84.92,False
20251031,107184,434352.5685977186,6441161.208689515,78.64,False
20251031,119344,400166.8953690102,6442747.643743322,71.33,False
20251031,179096,430902.5002333678,6441402.287595797,77.28,False
20251031,190239,436281.6236409786,6441202.563685293,98.81,False
20251031,81380,457752.1858494922,6440359.452221923,50.16,False
20251031,106122,401793.1167562319,6442854.69579153,60.75,False
20251031,81520,417251.48700440396,6442255.513573562,4.22,False
20251031,191453,440182.0136869413,6441254.417521576,51.86,False
20251031,84525,453802.1240683793,6440699.920593703,19.49,False
20251031,81521,417319.8642173689,6442314.168502701,8.20,False
20251031,81522,417338.1,6442354.6,14.21,False
20251031,54549,420315.75122813944,6442209.473811325,46.61,False
20251031,5049,429410.6095865162,6441837.353300594,60.66,False
20251031,48417,429311.67743409355,6442088.988441271,102.12,False
20251031,78183,429249.76483586815,6442678.413530067,87.17,False
20251031,177093,444726.94231045095,6442609.918891542,116.84,False
20251031,88611,453583.9238346146,6442375.83745943,38.22,False
20251031,186576,444297.42733074736,6442812.844208743,107.76,False
20251031,29487,410229.893236898,6444339.443187406,77.79,False
20251031,132049,460297.79647890467,6442205.821163705,32.57,False
20251031,53214,400927.930403089,6444903.929142977,86.33,False
20251031,74460,440809.56313342677,6443173.5214098245,87.23,False
20251031,142102,431831.67043036333,6443647.228081402,78.64,False
20251031,47634,421475.2341829122,6444133.843514032,68.55,False
20251031,84527,453477.24538739625,6442997.575241642,19.96,False
20251031,7202,453893.71247827815,6443011.938589098,69.04,False
20251031,72574,405913.8593162753,6445221.781715403,56.37,False
20251031,62875,431242.46678397997,6444197.64945613,85.67,False
20251031,21619,451849.20986410667,6443340.271310721,115.70,False
20251031,43959,449185.55672898167,6443508.995817684,65.09,False
20251031,121586,407093.5687364476,6445629.309207327,52.46,False
20251031,59342,424081.12186754774,6445129.272850543,59.87,False
20251031,101402,432317.87723479874,6444768.803408447,66.70,False
20251031,152444,428035.32696858345,6445448.944730223,55.67,False
20251031,148553,404141.8482886334,6446634.042009665,44.10,False
20251031,113117,404144.78504979523,6446695.673860478,34.12,False
20251031,48217,442295.22876212164,6445211.384869029,103.77,False
20251031,152013,432707.2586665493,6445678.417485032,80.87,False
20251031,133527,425839.5,6446281.5,23.53,False
20251031,192196,418395.44855266646,6446712.434952479,111.84,False
20251031,115486,440066.91506125283,6445829.174434888,84.23,False
20251031,164456,456695.5390118286,6445248.046995265,53.55,False
20251031,70674,427599.3283027598,6446487.111500994,61.66,False
20251031,70998,418438.25590311893,6447173.731509543,136.05,False
20251031,136033,427641.4517609623,6446948.470778571,61.24,False
20251031,5852,414439.5417512643,6447788.737201505,55.51,False
20251031,146012,398936.8462949945,6448552.150228859,94.21,False
20251031,191272,400268.8174402472,6448487.688424257,81.42,False
20251031,1087,404839.88725903863,6448423.074561168,61.64,False
20251031,139078,458201.3175111596,6446269.833510229,51.76,False
20251031,128655,433697.4929909344,6447334.228352386,85.75,False
20251031,178228,434177.968585843,6447313.637100068,105.91,False
20251031,75019,453559.7305973538,6446730.194845032,119.09,False
20251031,145122,464802.03951171355,6446695.5103098005,115.70,False
20251031,175747,434559.03832751163,6448038.426248708,94.11,False
20251031,177694,450724.4623455354,6447491.766321886,93.05,False
20251031,71743,425708.35603177274,6448762.89890671,54.65,False
20251031,183968,423025.4597599893,6448943.804557726,78.04,False
20251031,180155,432228.5544459042,6448786.984536175,77.54,False
20251031,65941,432272.2237584655,6448785.1007325305,66.82,False
20251031,127993,433981.9424161612,6448865.9837643085,93.41,False
20251031,164455,441979.9486948304,6448682.741843787,133.20,False
20251031,85394,461918.9828762688,6447947.706273347,67.05,False
20251031,64040,460508.63417764334,6448804.669680401,43.18,False
