20251031,46164,646487.3207501665,6863021.503494583,92.52,True
20251031,45429,646568.8305148182,6863020.751070662,89.78,True
20251031,133459,650685.3499907883,6863015.131760042,72.16,True
20251031,82194,648326.866402131,6863059.983341612,67.49,True
20251031,184468,650278.0659911891,6863049.502335151,50.43,True
20251031,131998,650807.8770733604,6863044.978798058,60.85,True
20251031,174669,651215.4243399096,6863041.532128963,62.39,True
20251031,177137,651235.8017095928,6863041.3605481945,62.2,True
20251031,123041,651765.6135324384,6863036.924609465,65.61,True
20251031,172105,651969.3874181422,6863035.231382392,71.75,True
20251031,91710,652764.0657397559,6863035.200408322,61.73,True
20251031,174930,646936.4734134964,6863110.038716961,91.27,True
20251031,134725,647547.7875594409,6863104.470895598,95.34,True
20251031,125050,649300.2246587563,6863088.867366009,61.5,True
20251031,118900,651297.1935126934,6863071.732901454,62.43,True
20251031,143248,652294.9645637126,6863061.0246038055,59.84,True
20251031,81817,652828.7578928655,6863057.638837876,60.49,True
20251031,157774,653966.620061068,6863049.903893731,69.46,True
20251031,178421,654068.5067678381,6863049.095098143,68.79,True
20251031,57290,655046.6198712557,6863041.421843027,98.14,True
20251031,154891,646651.4781442111,6863143.5455671325,82.86,True
20251031,134560,648302.0181392931,6863128.579302611,81.52,True
20251031,124921,648648.4283053041,6863125.49794695,69.28,True
20251031,101613,649078.4953155001,6863123.327367221,70.23,True
20251031,112234,649565.3972750267,6863117.441415637,84.41,True
20251031,185645,649850.6767688975,6863114.964544504,47.85,True
20251031,83120,651146.6797195444,6863101.583181656,61.42,True
20251031,158589,652010.653977529,6863096.66699934,60.0,True
20251031,79528,652234.8029430835,6863094.814325939,62.06,True
20251031,181184,652275.1084848465,6863094.607965361,58.25,True
20251031,168835,653151.7767251799,6863087.325529077,59.09,True
20251031,17626,653458.6423799797,6863086.17987628,70.46,True
20251031,132967,655211.3273111564,6863071.123525078,87.4,True
20251031,142095,655290.3,6863068.8,90.96,True
20251031,104261,647161.1853600882,6863169.762659042,91.25,True
20251031,71492,647263.0700059358,6863168.834111144,87.32,True
20251031,193773,647589.1007878938,6863165.875010363,93.13,True
20251031,135842,648933.9796979746,6863153.862487653,68.18,True
20251031,150193,650441.8775035591,6863140.765219821,61.77,True
20251031,151968,650523.3855896419,6863140.068441971,61.04,True
20251031,146398,650625.2707110198,6863139.199082532,57.33,True
20251031,149639,651399.5981304328,6863132.650516008,56.48,True
20251031,134572,651582.99159433,6863131.114700743,68.1,True
20251031,163468,652114.3413765103,6863126.489635573,53.38,True
20251031,46688,652601.2132612194,6863122.957221993,67.11,True
20251031,141021,653091.1164437254,6863118.03417328,65.51,True
20251031,132477,653420.3,6863112.1,67.39,True
20251031,58237,654150.5051012047,6863110.222954467,68.2,True
20251031,85760,654741.4420431654,6863105.575645397,82.19,True
20251031,96058,655597.2825856702,6863098.951940183,130.9,True
20251031,144282,646835.4532737853,6863203.626976973,78.9,True
20251031,137328,649301.035674839,6863181.527134808,66.09,True
20251031,87023,649565.9351274715,6863179.21462725,92.71,True
20251031,185190,649790.0809005682,6863177.267352207,47.48,True
20251031,166473,650910.810887107,6863167.66108126,60.51,True
20251031,169489,653335.6692734533,6863147.618737447,59.25,True
20251031,56734,654558.2900749525,6863137.898292195,86.32,True
20251031,169998,655332.6176331114,6863131.875484384,128.09,True
20251031,109337,647793.4268983153,6863225.80791955,90.91,True
20251031,130535,647956.4406879895,6863224.340976023,89.98,True
20251031,88992,648084.6315001677,6863224.618384991,83.98,True
20251031,45052,648710.3799993757,6863217.6160376435,73.2,True
20251031,78185,650911.072642236,6863198.547760301,67.71,True
20251031,89581,652378.526621599,6863187.329180751,68.95,True
20251031,186757,655292.1019254058,6863163.076761853,121.72,True
20251031,67481,655825.4622027304,6863154.036037338,122.43,True
20251031,182062,646516.6,6863278.7,67.49,True
20251031,161193,647589.9391852345,6863258.5345819825,93.74,True
20251031,95668,647773.3286654745,6863256.878150523,92.27,True
20251031,181658,650218.5266656247,6863235.347215319,64.93,True
20251031,97008,650238.9033535025,6863235.172127617,58.88,True
20251031,83926,651972.5879874813,6863216.757889247,62.38,True
20251031,129904,652072.8077536017,6863219.7077727,73.62,True
20251031,164708,652989.7617667136,6863212.19332994,56.9,True
20251031,108242,653539.9347415249,6863207.754339496,54.34,True
20251031,65729,653845.5865756262,6863205.310813641,76.18,True
20251031,123108,649077.7046692326,6863276.153141222,59.76,True
20251031,178444,649240.7170415443,6863274.722340804,69.63,True
20251031,123015,650159.8797032529,6863271.805887965,43.93,True
20251031,117237,650198.4155365332,6863266.409036793,58.95,True
20251031,183075,651930.8082169624,6863250.755067666,52.4,True
20251031,91991,653985.5903329593,6863233.698379993,70.28,True
20251031,171083,654844.4126318786,6863228.382815837,93.59,True
20251031,150384,652052.9423525683,6863281.649907805,56.72,True
20251031,176231,652399.3433577328,6863278.792869806,62.08,True
20251031,171018,652480.8495013819,6863278.1236361945,64.0,True
20251031,80706,652642.9575262192,6863273.885360686,66.02,True
20251031,158637,653051.985919103,6863275.451810322,56.08,True
20251031,174422,655415.0768137273,6863254.79506538,99.14,True
20251031,140152,647616.1,6863350.3,90.83,True
20251031,133362,647957.5507287151,6863347.887219608,89.17,True
20251031,143454,649363.526903784,6863335.411600885,61.69,True
20251031,46172,650260.0757388168,6863327.657129543,67.15,True
20251031,87523,650605.0582207434,6863325.501886301,62.86,True
20251031,117329,653214.6546930833,6863303.03895607,42.03,True
20251031,91261,653662.9367204466,6863299.435463141,68.0,True
20251031,184206,655050.2664097046,6863283.730797223,86.79,True
20251031,58374,655415.3145563581,6863285.681969613,107.64,True
20251031,172133,646756.4742283688,6863391.477012969,83.84,True
20251031,52574,647061.2768133144,6863386.898544928,84.69,True
20251031,9466,647387.2953679701,6863383.928035821,88.13,True
20251031,116869,647489.1762005311,6863383.003514936,92.76,True
20251031,57291,648426.4806183047,6863374.582003719,85.38,True
20251031,47949,650484.4798044236,6863356.623413467,63.76,True
20251031,153894,651058.5229043231,6863349.565789219,55.24,True
20251031,129854,651116.1441867134,6863351.258029199,62.22,True
20251031,43015,651482.4650081384,6863346.8953019995,70.15,True
20251031,52415,651645.9276655997,6863346.8111448195,82.95,True
20251031,154852,651851.8439930769,6863345.715717071,64.89,True
20251031,145670,653214.9041705385,6863333.9257755065,72.63,True
20251031,71307,653724.3128704557,6863329.833607046,64.75,True
20251031,97743,654500.9337898152,6863320.878893848,96.42,True
20251031,169036,647489.4562100034,6863413.890080431,88.84,True
20251031,47947,648447.1317191095,6863405.287223244,86.63,True
20251031,127447,649139.9191376136,6863399.162583012,66.78,True
20251031,44287,650280.9823495331,6863389.255573956,69.83,True
20251031,49059,651034.9001758965,6863382.833197199,75.76,True
20251031,16028,651605.4331371436,6863378.038249185,107.48,True
20251031,39265,652300.3,6863375.2,71.78,True
20251031,185104,653683.3352456782,6863357.389000557,61.3,True
20251031,182196,654274.7184957133,6863356.351257399,70.35,True
20251031,179282,654314.9284161254,6863357.259595349,72.07,True
20251031,97007,654559.9862176013,6863354.106319294,88.46,True
20251031,92999,647611.9919362104,6863443.6696058735,91.55,True
20251031,92209,648651.1664646858,6863434.36388565,78.95,True
20251031,108161,648691.9184408763,6863434.002754462,92.7,True
20251031,129145,648751.5610354355,6863434.529388586,79.19,True
20251031,187968,651320.4801867041,6863415.865517071,55.98,True
20251031,41848,651575.6,6863399.0,49.93,True
20251031,127701,652627.6683962408,6863393.892830195,64.54,True
20251031,85213,652665.24800366,6863400.169251863,63.34,True
20251031,167288,653541.4211751819,6863393.075316808,63.66,True
20251031,84485,655762.4230012024,6863375.686814559,132.8,True
20251031,175298,648080.4987010552,6863470.5401973985,88.03,True
20251031,171951,650890.9372933892,6863445.350826443,71.77,True
20251031,170012,651402.1896068947,6863441.51779782,62.51,True
20251031,79529,651422.565569489,6863441.346874061,62.51,True
20251031,163341,652033.8447257219,6863436.252492255,51.78,True
20251031,99741,652054.2207068347,6863436.08379056,67.45,True
20251031,51702,652563.620426837,6863431.88954407,62.35,True
20251031,52970,654098.5937553395,6863423.95005183,71.86,True
20251031,126475,655416.2655274789,6863409.229664132,113.45,True
20251031,172942,655515.370973116,6863406.17438398,119.94,True
20251031,125706,655701.5306437294,6863407.040946973,132.68,True
20251031,172335,647327.2903914901,6863508.029885475,78.89,True
20251031,78196,647938.5625331125,6863502.50330691,96.76,True
20251031,74937,650511.9,6863464.2,38.98,True
20251031,155243,651198.6902486243,6863474.117739503,58.41,True
20251031,83115,652442.3915685462,6863464.102002571,70.08,True
20251031,184222,652665.752826386,6863461.942897383,62.02,True
20251031,39262,653480.7889099646,6863455.33965765,60.56,True
20251031,109406,647673.956898683,6863535.776842509,89.77,True
20251031,86755,648040.7183560274,6863532.475105362,87.74,True
20251031,4755,649100.252620097,6863523.067208275,73.39,True
20251031,91411,649365.1364536306,6863520.745518151,56.94,True
20251031,166017,649406.1833045778,6863523.196494254,61.29,True
20251031,140036,649446.6391929716,6863520.033589027,67.24,True
20251031,106413,650893.3144669688,6863507.587691281,64.93,True
20251031,185529,650954.441659312,6863507.069764605,66.1,True
20251031,86657,650995.1931239094,6863506.724838547,65.47,True
20251031,147395,651280.6,6863512.4,60.5,True
20251031,103865,651484.2108877121,6863502.608089615,68.74,True
20251031,41849,651708.3441452412,6863500.735044509,61.95,True
20251031,184019,652339.8754813743,6863493.449972493,71.83,True
20251031,7798,653320.6647067124,6863486.764926575,61.59,True
20251031,173761,653847.8015585046,6863483.2925016275,73.86,True
20251031,89878,655131.4790476408,6863473.206300881,114.23,True
20251031,179950,655172.2307503877,6863472.89076317,96.81,True
20251031,67590,655966.8893949912,6863466.795085283,143.75,True
20251031,153819,647042.5950594497,6863572.40418981,77.18,True
20251031,184137,648305.8774240761,6863560.991604004,91.78,True
20251031,94374,648407.7551420833,6863560.083240241,89.48,True
20251031,51703,649059.7729139584,6863554.31214556,73.74,True
20251031,51618,650307.8402281405,6863541.5687600225,59.43,True
20251031,175726,650895.2998963918,6863541.0492496835,55.69,True
20251031,141919,651015.8300696958,6863537.4392520245,63.76,True
20251031,178251,651953.1094503646,6863529.588425097,67.49,True
20251031,70315,652340.24695442,6863526.3899536375,72.56,True
20251031,135438,653888.799082527,6863513.8548271125,76.87,True
20251031,181556,654605.6,6863507.9,78.3,True
20251031,142355,654927.9609180437,6863505.675228549,125.8,True
20251031,129521,655722.6150670493,6863499.546037514,138.66,True
20251031,10757,647959.7708135126,6863594.980079202,98.97,True
20251031,49793,648693.2864366018,6863588.436024397,81.9,True
20251031,108298,649508.3047601765,6863581.273802458,65.43,True
20251031,187055,649611.1354566404,6863579.150231627,48.03,True
20251031,48495,650160.3201396343,6863575.626597682,73.29,True
20251031,45922,651973.7412089956,6863560.306258907,63.99,True
20251031,46196,653725.8926120865,6863545.98636777,66.32,True
20251031,132046,654218.3643427233,6863543.751972402,74.45,True
20251031,10261,646717.2166416517,6863637.118844963,83.68,True
20251031,181410,647104.2857166873,6863633.618818737,83.98,True
20251031,110928,647123.5123454462,6863633.080767492,90.56,True
20251031,121708,649569.7001021496,6863611.627977335,65.48,True
20251031,84309,650690.3460520625,6863601.9790586475,69.27,True
20251031,91559,650812.5984499312,6863600.939566313,67.95,True
20251031,88211,651546.9,6863594.6,65.06,True
20251031,155897,651647.9904190213,6863593.90543001,63.42,True
20251031,51707,653663.7,6863577.8,66.58,True
20251031,73473,654193.2,6863574.5,75.8,True
20251031,59764,654623.9581392816,6863570.276244405,82.85,True
20251031,143867,647715.8234203137,6863658.955342993,93.64,True
20251031,85214,647756.573816371,6863658.587631013,88.64,True
20251031,92390,648816.0850156855,6863649.1277538305,72.16,True
20251031,182041,649243.965025994,6863645.362359159,65.14,True
20251031,134585,649406.9670076714,6863643.93623762,68.25,True
20251031,149713,649590.3442849488,6863642.337334178,58.32,True
20251031,173104,650405.3550149827,6863635.301340151,59.66,True
20251031,179188,651688.9988998116,6863624.45220594,67.65,True
20251031,39621,652952.2698019153,6863614.053029463,67.9,True
20251031,110976,653151.1,6863611.4,58.47,True
20251031,139099,653522.597395733,6863609.807542143,63.99,True
20251031,92489,654257.9855189242,6863604.11493692,75.3,True
20251031,14415,654704.55248761,6863600.084520115,82.4,True
20251031,64804,655641.7233155489,6863592.7650266765,137.3,True
20251031,160793,648653.3569971441,6863681.457195299,77.45,True
20251031,191120,648958.9838418451,6863678.755815388,54.16,True
20251031,50582,649060.8594883697,6863677.858939244,75.52,True
20251031,150870,649937.4424151905,6863670.403285685,59.2,True
20251031,130345,650627.7893014975,6863664.770374646,62.28,True
20251031,135853,651872.6334421495,6863653.812391334,68.39,True
20251031,187971,652560.9377958486,6863649.7674555965,52.94,True
20251031,119127,652789.5187376816,6863646.266254928,57.77,True
20251031,170536,652930.6761625016,6863636.490111821,57.9,True
20251031,117736,653090.9622371808,6863641.310060156,64.74,True
20251031,154997,647492.2563085958,6863722.756162246,79.51,True
20251031,189783,648142.4790627894,6863717.741168681,81.07,True
20251031,191957,648816.6309108766,6863710.9011587445,49.85,True
20251031,123367,649040.7561102313,6863708.924888,75.36,True
20251031,87018,650222.5084153658,6863698.647975457,67.0,True
20251031,132116,651241.2620675887,6863689.982094112,64.89,True
20251031,130061,651384.7167799966,6863685.407630174,69.54,True
20251031,80283,651914.6637529496,6863688.3704406805,69.09,True
20251031,176427,651974.7656330756,6863683.853614622,64.55,True
20251031,185905,654114.1553889634,6863666.509468364,72.88,True
20251031,67484,655071.789039747,6863659.001927191,126.07,True
20251031,193541,655397.4064240467,6863656.727075192,116.86,True
20251031,110443,655436.8891025519,6863654.768668725,128.15,True
20251031,79522,647554.2123573965,6863753.177873426,80.48,True
20251031,190555,648104.8264201889,6863747.42013324,89.26,True
20251031,89611,648531.6552369065,6863744.315656372,79.15,True
20251031,124354,649102.1526043905,6863739.27413778,70.38,True
20251031,93615,649142.9024353154,6863738.9161795825,67.22,True
20251031,86914,649428.151322166,6863736.418499894,63.06,True
20251031,117107,649957.8995798001,6863731.817223343,96.18,True
20251031,107146,650161.6490213723,6863730.060403252,72.19,True
20251031,121192,650711.7728209761,6863725.352791137,55.16,True
20251031,186815,651117.2683593783,6863719.637426591,63.12,True
20251031,189903,651792.5130300701,6863719.6799493125,60.74,True
20251031,112414,652199.1467876793,6863712.886420266,62.66,True
20251031,187444,652442.6619129073,6863711.160483464,67.67,True
20251031,47945,653645.7738075393,6863701.128002187,65.76,True
20251031,59862,654257.0255352935,6863696.268246041,81.81,True
20251031,154512,655785.1570687274,6863684.401081376,143.82,True
20251031,61989,647513.1910851153,6863784.344795453,82.21,True
20251031,180400,648511.4987810971,6863775.267600912,84.42,True
20251031,192228,648674.5532405291,6863773.9367237,59.04,True
20251031,181734,649287.4651320504,6863765.913570109,53.46,True
20251031,178534,649734.0433239087,6863764.6447687065,68.56,True
20251031,132893,650243.414157213,6863760.246470294,69.52,True
20251031,83287,651364.0313395847,6863750.727900039,68.54,True
20251031,152116,652260.5263983939,6863743.269153418,65.68,True
20251031,43245,652708.7743580526,6863739.5918166945,70.86,True
20251031,21491,652914.9906090773,6863741.663233668,58.83,True
20251031,52898,647960.0010087525,6863809.349060026,90.21,True
20251031,46160,649938.0585826164,6863793.766855552,76.99,True
20251031,118047,650549.3005543426,6863788.515803786,59.75,True
20251031,104074,650997.5450173699,6863784.706030701,90.91,True
20251031,79534,652158.9070113373,6863774.9966344,58.66,True
20251031,77840,653177.647223431,6863766.671346902,64.41,True
20251031,51157,653972.2655812905,6863760.302017403,69.61,True
20251031,121498,654828.0093966839,6863753.564659589,110.97,True
20251031,127444,648430.6057962122,6863837.881974792,91.52,True
20251031,149975,648511.9205002782,6863836.789749861,79.23,True
20251031,170900,649428.9603867411,6863829.078774725,65.02,True
20251031,175215,650085.6,6863827.2,47.77,True
20251031,145269,650366.0102635104,6863821.010151008,52.55,True
20251031,81340,650692.1867122292,6863818.186664443,64.29,True
20251031,127925,650834.8091877791,6863816.974219518,64.39,True
20251031,176007,651425.6740459788,6863811.988647679,73.51,True
20251031,21490,651669.1,6863817.0,60.08,True
20251031,163935,652342.5343073264,6863804.371754252,57.73,True
20251031,81049,652748.29060648,6863801.69255938,64.44,True
20251031,183984,653789.1384726925,6863792.649146797,70.34,True
20251031,170963,654378.6779489873,6863791.275852892,87.45,True
20251031,59023,655030.1999446388,6863783.599981325,124.85,True
20251031,187973,655357.9941330295,6863780.344301463,123.34,True
20251031,79181,655825.8208187775,6863778.235265208,148.68,True
20251031,39846,648003.2301412311,6863871.10430589,81.72,True
20251031,117740,648023.3917507812,6863872.4112806,82.83,True
20251031,192229,648573.5020392828,6863867.500572245,58.69,True
20251031,12778,648840.552678514,6863862.921674472,78.71,True
20251031,56649,649021.7403953902,6863863.537886728,79.22,True
20251031,149938,649816.3455026624,6863856.598382597,52.87,True
20251031,127277,649876.8240799712,6863858.433839992,67.35,True
20251031,187075,653504.1403071848,6863825.819004415,63.58,True
20251031,155798,654543.2461793585,6863817.57038915,90.03,True
20251031,150039,654889.6151302151,6863814.862278772,131.75,True
20251031,188799,655664.1580610707,6863807.2014656495,133.7,True
20251031,133495,655989.8469794964,6863806.39744658,151.72,True
20251031,179111,647290.1931935295,6863909.926850093,76.06,True
20251031,86655,647351.1014225304,6863910.7757632695,77.14,True
20251031,129998,649571.8115726453,6863890.363825173,63.72,True
20251031,181183,649893.2,6863890.3,58.76,True
20251031,159112,649979.608294058,6863886.075176406,53.77,True
20251031,182830,650692.339762744,6863876.800897565,60.12,True
20251031,190471,651140.9500011965,6863876.161661691,60.74,True
20251031,189670,651609.5621261348,6863872.227411704,60.41,True
20251031,51706,651915.043362027,6863867.016439219,65.79,True
20251031,111630,653280.2687804134,6863858.509512672,58.59,True
20251031,139659,653463.6392622285,6863857.033240226,62.98,True
20251031,146399,648594.8482947856,6863929.935494242,72.15,True
20251031,183128,649086.6944242854,6863920.636640727,59.41,True
20251031,133186,649346.3461088073,6863919.744114887,63.99,True
20251031,171172,650017.6,6863919.9,47.77,True
20251031,154525,650428.6919114455,6863917.960970626,54.17,True
20251031,188968,651833.9379478238,6863901.246115598,58.17,True
20251031,192793,651915.4353327509,6863900.568925888,63.09,True
20251031,106893,652547.0403875237,6863895.35958869,61.39,True
20251031,186050,653871.7860164148,6863884.936580857,69.78,True
20251031,184662,654645.6031286928,6863878.545767492,95.9,True
20251031,45766,655806.9462518041,6863869.567865169,181.75,True
20251031,95496,647569.5,6863972.0,83.42,True
20251031,79527,648472.4541142111,6863961.06625364,81.05,True
20251031,178077,649613.4066444197,6863951.027743499,64.19,True
20251031,116964,649633.7808146476,6863950.850527073,64.92,True
20251031,106700,650082.0127169095,6863946.969899044,53.03,True
20251031,102102,650142.536127728,6863944.945548909,61.41,True
20251031,161600,651019.2258391859,6863938.967955588,84.2,True
20251031,121370,651284.0906507423,6863936.734023501,68.4,True
20251031,98781,651385.9617592696,6863935.878044153,79.61,True
20251031,166112,651955.2272094204,6863931.345116909,60.61,True
20251031,101766,651979.2408309148,6863930.513200811,65.31,True
20251031,182191,652363.9251617828,6863927.751810983,60.05,True
20251031,186011,654052.3713123841,6863911.398064308,74.95,True
20251031,73848,654706.9679526886,6863908.954470743,103.08,True
20251031,67489,655420.0694215233,6863903.421684446,145.39,True
20251031,131360,647270.6624971747,6864002.772394154,72.71,True
20251031,99163,648757.6912693979,6863989.630617629,78.35,True
20251031,168476,650693.5014714755,6863972.6209016675,67.02,True
20251031,53839,650999.1129493013,6863970.027175052,84.1,True
20251031,154189,651834.4516823278,6863963.019936209,57.34,True
20251031,123318,653403.2551877693,6863950.17807438,63.45,True
20251031,187547,655135.0680173549,6863936.511318486,117.48,True
20251031,97040,655950.0372981476,6863930.255540849,192.06,True
20251031,81024,647230.1959460985,6864034.030232834,72.73,True
20251031,181732,649267.6004861069,6864015.811602129,59.59,True
20251031,145543,650612.3344103259,6863999.521611413,57.15,True
20251031,169925,651203.1142460364,6863999.193876864,59.1,True
20251031,136519,651325.217435912,6863995.541437056,59.82,True
20251031,47521,652934.906442113,6863984.861701494,61.4,True
20251031,88513,655210.7527411156,6863966.322720828,127.7,True
20251031,168507,655828.0274208573,6863962.073688539,151.98,True
20251031,145504,646945.2446638715,6864067.522862975,70.91,True
20251031,36387,648880.7641340754,6864050.05849715,83.0,True
20251031,138437,649048.2061658083,6864053.476723021,73.24,True
20251031,164704,649451.2220450998,6864045.108496009,54.12,True
20251031,42267,650755.1490083148,6864033.874621079,76.89,True
20251031,48205,650961.0270407546,6864031.9278374035,56.54,True
20251031,108055,651568.7962927195,6864027.0614947155,59.25,True
20251031,186965,652182.3247951193,6864021.798360955,59.13,True
20251031,156048,652649.9223079904,6864018.073639331,64.09,True
20251031,183771,652916.8680487198,6864012.421254882,65.7,True
20251031,73857,654137.2210392711,6864006.104980896,93.79,True
20251031,92944,654463.2047303551,6864003.53274409,108.78,True
20251031,188876,646965.9012603485,6864098.222970999,70.44,True
20251031,170690,648086.4531118623,6864088.070256263,83.2,True
20251031,20205,648479.0179004674,6864075.627101636,90.44,True
20251031,164325,650001.5825705209,6864071.220259456,61.31,True
20251031,186245,651020.2706935711,6864062.515513197,53.18,True
20251031,135681,651427.7463688512,6864059.0837849425,58.98,True
20251031,124853,653525.4426065468,6864042.712006235,49.86,True
20251031,94078,653872.6053991179,6864039.095459534,86.42,True
20251031,127875,655077.7127567227,6864032.963953282,122.02,True
20251031,86291,655808.1246492144,6864024.003319692,151.69,True
20251031,166352,649723.9265883843,6864104.8977826,65.44,True
20251031,186652,649899.9810325748,6864102.9874466695,63.86,True
20251031,51711,652548.5587741574,6864080.681332168,67.65,True
20251031,58417,648090.4328206806,6864148.21646459,85.48,True
20251031,81028,648229.6211414436,6864148.567211779,85.25,True
20251031,135031,648901.946163873,6864142.59626973,59.43,True
20251031,186244,649370.5367387956,6864138.48086006,67.04,True
20251031,182276,650511.7597405564,6864127.179338906,60.98,True
20251031,157246,650962.1447086629,6864125.238611541,64.27,True
20251031,86977,651224.5287555094,6864122.569909277,58.58,True
20251031,168705,655319.6274653838,6864092.3,124.54,True
20251031,163815,647455.7097847479,6864186.426283576,75.24,True
20251031,187562,647740.9366338437,6864183.845509376,74.65,True
20251031,75131,648250.2706077676,6864179.271923297,84.92,True
20251031,93715,648291.017343025,6864178.907971511,80.85,True
20251031,14937,648759.6049819512,6864174.743131195,90.42,True
20251031,163438,650633.9588614331,6864158.462906713,42.91,True
20251031,173457,650715.452627083,6864157.768831612,60.29,True
20251031,99340,651713.7520433497,6864149.359475983,65.81,True
20251031,153896,652793.546903795,6864140.45736834,67.02,True
20251031,134557,652936.1614428174,6864139.296669145,72.84,True
20251031,119915,653793.7,6864132.7,87.0,True
20251031,157785,654830.9001359325,6864124.20922101,130.43,True
20251031,173927,655605.0958418727,6864118.222853005,140.39,True
20251031,167056,647354.1238556664,6864218.238153562,74.82,True
20251031,190473,649675.7296358047,6864196.253298641,62.23,True
20251031,149901,650352.4880753186,6864194.96311715,59.3,True
20251031,43016,651879.3984599942,6864172.738446283,68.65,True
20251031,185830,654199.5642880352,6864160.056565466,89.91,True
20251031,73873,655116.3694144108,6864152.878782983,138.21,True
20251031,69662,655809.0673682108,6864147.551823276,151.98,True
20251031,159600,647884.1059997586,6864244.33397008,80.89,True
20251031,142566,648248.2664708778,6864240.780459392,80.32,True
20251031,124948,649575.0786603948,6864229.363975103,75.49,True
20251031,106393,649819.5569945193,6864227.240490203,64.6,True
20251031,110601,650858.5909069115,6864218.330816904,69.01,True
20251031,145386,651041.9499977777,6864216.777872475,65.34,True
20251031,165768,651469.788066996,6864213.176911496,57.14,True
20251031,95950,652305.0917252334,6864206.237556381,69.3,True
20251031,73854,654505.4085043226,6864188.5349369105,110.82,True
20251031,4757,655096.2354377162,6864183.923828597,135.21,True
20251031,94920,647476.92348698,6864278.901799533,72.33,True
20251031,101253,648088.1142735155,6864273.39100826,82.83,True
20251031,132424,649575.3525364018,6864260.1370668,69.98,True
20251031,119417,650393.1455184065,6864254.176840112,71.79,True
20251031,190054,650512.5100225209,6864252.166920064,62.09,True
20251031,119837,650614.3755829462,6864251.297369159,67.93,True
20251031,46171,650655.1218113962,6864250.9500504825,67.32,True
20251031,140943,651042.2111032117,6864247.6648211265,43.4,True
20251031,98502,651164.4498724649,6864246.63275549,66.25,True
20251031,190478,651956.118377903,6864240.523781228,64.12,True
20251031,189024,652103.8821834268,6864241.534289099,65.17,True
20251031,74970,652183.0797141606,6864237.989172293,75.03,True
20251031,122615,653001.6205593519,6864240.315722794,92.37,True
20251031,4761,653161.019477305,6864230.140911675,82.49,True
20251031,188824,653670.3493587661,6864226.044000797,78.63,True
20251031,69664,654892.7425287904,6864216.394172696,140.42,True
20251031,92344,646010.3559423212,6864323.277585406,80.13,True
20251031,85653,647925.4077367185,6864305.741057135,74.94,True
20251031,182123,649270.0219861264,6864293.806586714,70.23,True
20251031,179940,650818.3690503129,6864280.450588863,59.11,True
20251031,109856,652020.3777534023,6864270.367539026,63.1,True
20251031,164791,652570.9943192105,6864265.719116339,62.92,True
20251031,25006,652855.6731572128,6864263.50759579,77.79,True
20251031,73868,654689.2518488687,6864248.871674639,132.72,True
20251031,125102,647681.2117518068,6864338.831309317,77.08,True
20251031,7796,647946.0582803051,6864336.44472277,70.07,True
20251031,86238,648394.2603454818,6864332.433476342,80.81,True
20251031,130266,648435.0060031381,6864332.070537617,79.94,True
20251031,136904,648740.5985167829,6864329.357634923,76.94,True
20251031,179167,648781.3441960713,6864328.997132929,81.02,True
20251031,103393,649412.9025480062,6864323.446010463,81.07,True
20251031,124209,650288.936095095,6864315.860091116,70.52,True
20251031,139039,650614.9023575438,6864313.071251057,71.83,True
20251031,57262,653183.6919145478,6864294.6300534075,88.23,True
20251031,127702,653267.3984674456,6864297.26156062,81.81,True
20251031,37089,653551.2194750847,6864293.102461556,81.24,True
20251031,115158,654037.5573617907,6864284.896143602,91.28,True
20251031,173188,654057.9303574938,6864284.734490655,93.91,True
20251031,182925,655626.6527147869,6864272.502436032,174.81,True
20251031,85514,655827.914118522,6864284.867528408,181.05,True
20251031,137308,649270.5631033711,6864355.580360206,75.69,True
20251031,87812,653243.2603463312,6864322.14357936,82.17,True
20251031,32170,654282.0824809973,6864313.458759502,109.32,True
20251031,165202,655789.8951788901,6864302.383952474,186.3,True
20251031,172104,647865.1231409466,6864398.951422949,73.25,True
20251031,142743,648151.210769649,6864395.58229488,55.99,True
20251031,63720,648922.3315564683,6864392.997994562,76.85,True
20251031,34793,649005.9894198424,6864388.793260499,80.28,True
20251031,79523,649678.2865494605,6864382.912444578,77.01,True
20251031,109689,650269.0936780612,6864377.808884216,74.55,True
20251031,190978,650720.0630586306,6864379.518470685,68.25,True
20251031,132286,650758.0379003091,6864373.630828838,71.56,True
20251031,98504,652591.5818314096,6864358.330778032,78.37,True
20251031,117541,652999.0366901513,6864355.009601649,56.64,True
20251031,170142,654384.384938095,6864343.932033258,111.9,True
20251031,96951,654750.8049634496,6864339.398000752,137.62,True
20251031,147682,655382.6522100767,6864336.155105013,125.91,True
20251031,158544,648150.6160575498,6864427.2776653115,69.19,True
20251031,78198,648456.2035477306,6864424.549755885,74.66,True
20251031,80750,652489.9715445167,6864390.052603202,72.92,True
20251031,178682,652510.3441703052,6864389.885506086,74.69,True
20251031,47275,652693.6978288172,6864388.384857089,77.24,True
20251031,192974,653747.9000077908,6864376.599955666,84.09,True
20251031,189363,654653.4,6864380.0,122.54,True
20251031,34297,655404.479891971,6864367.080946691,132.81,True
20251031,117702,655586.6172640917,6864365.4763018675,120.38,True
20251031,97588,655994.0716126836,6864362.365846918,141.71,True
20251031,142356,646071.0804192283,6864469.112521786,46.4,True
20251031,148092,648337.0971886499,6864455.027978381,57.86,True
20251031,102796,650306.744947726,6864439.531508101,76.42,True
20251031,43445,650534.4660657044,6864437.314583372,80.06,True
20251031,74091,651369.7374059188,6864430.240322869,68.75,True
20251031,90070,652001.2847015667,6864424.971472408,71.66,True
20251031,81880,652673.5776111124,6864419.438376802,77.24,True
20251031,147483,646039.3,6864502.2,70.62,True
20251031,112105,647462.7433263962,6864503.077955684,75.24,True
20251031,174609,648680.8485515941,6864484.333317636,65.7,True
20251031,81027,648966.0607273303,6864481.812880962,71.84,True
20251031,132453,650536.7049796814,6864472.078595257,74.84,True
20251031,140004,650575.4745903718,6864467.853684377,72.01,True
20251031,49790,651105.1559432276,6864463.357343528,82.36,True
20251031,27120,651269.564842897,6864464.690271677,46.49,True
20251031,129535,651492.2310369323,6864460.10219356,71.18,True
20251031,61837,654996.2889028747,6864431.811722176,128.61,True
20251031,181293,655811.1884894255,6864425.536411495,145.01,True
20251031,162106,646847.6281986445,6864531.758337765,62.57,True
20251031,51617,650188.665686316,6864502.057081479,75.6,True
20251031,165201,650633.8777221607,6864498.314125049,69.15,True
20251031,169038,650984.8,6864497.2,64.8,True
20251031,171031,652001.7966997765,6864486.745571954,74.89,True
20251031,142966,652307.3394791269,6864483.597368058,56.95,True
20251031,43019,652837.0608952144,6864479.88294649,79.61,True
20251031,193443,652938.9224499308,6864479.0542826075,79.81,True
20251031,167790,655832.402437943,6864456.149994458,144.03,True
20251031,87104,647703.5370350298,6864554.855172703,72.53,True
20251031,52181,649903.7216968648,6864535.404271692,82.8,True
20251031,7863,649924.0938113445,6864535.228076547,79.5,True
20251031,81683,650209.3034790141,6864532.768869443,82.63,True
20251031,102581,650372.2804862357,6864531.369914847,47.95,True
20251031,140003,651719.2535366934,6864515.750974414,82.33,True
20251031,94067,653774.4342910739,6864503.213958792,90.83,True
20251031,120905,647357.4931238343,6864588.879887475,72.85,True
20251031,22,648112.803471458,6864586.3968687225,69.85,True
20251031,175915,649863.2448778882,6864566.643849555,80.93,True
20251031,39622,649883.6168824722,6864566.467512019,86.93,True
20251031,179761,650229.9410550841,6864563.480738734,77.38,True
20251031,139516,650555.8933801666,6864560.688577714,74.57,True
20251031,142958,652674.5872652042,6864542.986725084,81.86,True
20251031,104072,652794.4414309085,6864548.18986391,74.71,True
20251031,149726,652857.9360763556,6864541.491276047,81.54,True
20251031,160405,653222.2915136289,6864539.462212216,79.02,True
20251031,133646,647480.0048127323,6864618.65691583,69.83,True
20251031,45869,647561.4921031283,6864617.91846019,84.12,True
20251031,160752,647745.7147822179,6864615.987303098,59.86,True
20251031,99289,648963.9741305974,6864615.504075665,73.1,True
20251031,186787,650637.1711178329,6864590.896640721,64.86,True
20251031,174985,651228.4306724567,6864585.874729826,71.96,True
20251031,36809,651819.2170872806,6864580.929310275,87.77,True
20251031,137564,653326.7433002404,6864568.583080759,80.92,True
20251031,128327,655200.9694774619,6864553.780952518,128.29,True
20251031,73874,655548.0,6864553.9,132.26,True
20251031,162319,646604.0680420343,6864656.3922052095,52.95,True
20251031,150549,648397.0126569226,6864641.302320225,65.69,True
20251031,147220,648578.5661191684,6864637.804525598,69.42,True
20251031,189306,648929.4392880452,6864638.669456947,75.56,True
20251031,101112,649965.6386368985,6864627.536856439,85.68,True
20251031,131435,650230.9730939552,6864626.244584232,76.24,True
20251031,48496,650861.9979954002,6864619.861648804,81.01,True
20251031,178450,651224.8322329198,6864618.281822028,76.02,True
20251031,137908,652410.2578298243,6864606.931264068,78.48,True
20251031,91130,653775.1739298223,6864595.875420587,88.12,True
20251031,89850,654277.2479254412,6864581.501826571,107.96,True
20251031,73859,655893.4648191462,6864579.396565136,131.24,True
20251031,180058,646080.4395616462,6864692.249801968,65.92,True
20251031,92374,647236.1058536936,6864682.652897615,76.44,True
20251031,53245,650393.7109476086,6864654.743402365,79.19,True
20251031,48490,651473.4116042759,6864645.595169791,94.1,True
20251031,94533,651677.1288996121,6864643.891662509,86.09,True
20251031,95803,651880.846254749,6864642.195321689,84.36,True
20251031,113973,651962.3332134915,6864641.518791972,84.67,True
20251031,39261,652553.1139478268,6864636.648243052,86.34,True
20251031,46162,653019.9620661258,6864637.201262385,80.74,True
20251031,124771,653205.0105033701,6864631.343788995,82.44,True
20251031,54103,653841.5,6864641.3,105.89,True
20251031,21318,647501.216671443,6864711.132847167,215.27,True
20251031,74225,648499.4207496499,6864702.1694311965,74.72,True
20251031,173250,651697.7582618039,6864674.608792784,83.72,True
20251031,5169,653184.8884244584,6864662.39559437,59.97,True
20251031,189364,653347.8617824471,6864661.080380912,64.11,True
20251031,117800,655772.0947676304,6864642.058085776,141.13,True
20251031,66287,646625.5276327964,6864750.02731008,85.88,True
20251031,72683,647094.0690351932,6864745.727620584,64.22,True
20251031,190332,647929.6735404151,6864738.476724964,63.18,True
20251031,179189,648640.784134343,6864733.603445286,67.63,True
20251031,165352,648683.0382335593,6864731.428750074,66.75,True
20251031,91017,650963.0784006933,6864711.875714102,76.12,True
20251031,48240,651372.0717148986,6864708.223763237,88.51,True
20251031,92348,651576.9052417243,6864710.363014818,81.75,True
20251031,96129,652431.3908459076,6864699.425244207,85.36,True
20251031,97187,653490.7115686882,6864690.820504429,80.02,True
20251031,177139,653633.269852769,6864689.701990072,70.61,True
20251031,175131,650353.7619622939,6864747.753662206,74.26,True
20251031,134104,650394.504697837,6864747.404509921,76.8,True
20251031,176923,650417.7580099496,6864744.8468957525,76.6,True
20251031,104073,653226.1307209845,6864723.840691881,73.31,True
20251031,130926,653389.3,6864723.1,74.4,True
20251031,109690,653837.2745187123,6864718.936642851,71.2,True
20251031,89665,646524.2413013908,6864812.740749257,69.34,True
20251031,60807,648296.5328314368,6864796.645562554,66.17,True
20251031,86239,649232.937612578,6864787.303651546,71.6,True
20251031,101787,649376.2070674904,6864787.106317415,77.45,True
20251031,91019,651651.5754526553,6864765.678978412,87.62,True
20251031,47944,652307.752982905,6864757.904402526,85.43,True
20251031,100470,652474.9133837459,6864762.178431297,81.91,True
20251031,78032,653104.1520374253,6864755.7163833035,89.87,True
20251031,133777,653267.1228877327,6864754.39892757,78.94,True
20251031,136858,646789.3499739283,6864841.188140145,70.55,True
20251031,62546,648970.4347902798,6864822.5791199505,78.63,True
20251031,137114,649152.3948011338,6864819.956608383,75.55,True
20251031,174558,649763.5284779186,6864814.622635583,78.34,True
20251031,103069,650354.2915640702,6864809.527769146,77.59,True
20251031,81010,652085.8414945805,6864794.941745237,93.9,True
20251031,185880,652167.3263039493,6864794.268100071,91.71,True
20251031,145640,652250.2170995023,6864796.804457451,83.22,True
20251031,146457,653369.2283336711,6864784.465019151,80.76,True
20251031,71803,654347.0484184044,6864776.67366152,85.12,True
20251031,1848,655303.4364538688,6864771.57148571,103.13,True
20251031,145665,646548.4874648636,6864881.101236653,62.84,True
20251031,178216,649926.7646359344,6864844.09818105,79.38,True
20251031,173892,650639.7510018072,6864837.976827045,86.66,True
20251031,110053,652778.7145459006,6864820.139482637,73.76,True
20251031,78199,648175.1349534454,6864890.399051305,65.95,True
20251031,52929,649027.6166316282,6864878.045826983,73.73,True
20251031,91043,650598.3107502995,6864869.307502994,82.36,True
20251031,51708,651128.9170436647,6864864.717172072,79.55,True
20251031,52973,652575.2630019366,6864852.730543872,75.67,True
20251031,179758,652636.3694041935,6864852.191233633,82.3,True
20251031,186075,653614.1780633567,6864844.276126975,72.74,True
20251031,131126,653838.2594016984,6864842.48550272,82.55,True
20251031,170961,655243.8620872565,6864831.45119277,96.93,True
20251031,147519,649538.1321496138,6864903.06082357,74.9,True
20251031,149665,651596.9230804861,6864894.381372671,93.23,True
20251031,74930,651720.9957641463,6864887.024090816,97.28,True
20251031,75451,652982.9272691128,6864880.256281475,87.71,True
20251031,177659,653332.0969737811,6864873.369012548,79.05,True
20251031,183098,653960.01558459,6864872.945669122,86.24,True
20251031,180146,654449.6336359979,6864868.533314525,90.69,True
20251031,103474,649907.1951826708,6864936.935547297,85.54,True
20251031,149875,651047.9554394139,6864927.179661291,79.72,True
20251031,156333,651292.404314531,6864925.118352008,86.18,True
20251031,188569,654144.3141565731,6864901.832219099,78.61,True
20251031,81658,655203.597824796,6864893.540817529,108.3,True
20251031,137745,655323.3165515657,6864884.576077635,97.55,True
20251031,55100,648378.742324193,6864981.554856369,70.94,True
20251031,127941,648522.2634975621,6864979.971113943,52.32,True
20251031,181248,648848.1923829676,6864977.082834724,66.09,True
20251031,21,649092.6391534248,6864974.928664273,74.35,True
20251031,191053,649154.5040797538,6864974.893880369,68.09,True
20251031,189393,651170.440321107,6864957.034850052,88.1,True
20251031,36092,651207.5055915167,6864957.91677455,91.7,True
20251031,143265,651373.3533431714,6864955.591869576,82.95,True
20251031,171061,652433.3804957009,6864946.327077805,86.1,True
20251031,120605,646261.4230426954,6865031.400558399,70.41,True
20251031,106867,646342.9045253383,6865030.644955586,79.68,True
20251031,111495,646424.3860186056,6865029.890499331,59.81,True
20251031,74228,647931.7955405234,6865016.13986905,67.03,True
20251031,192846,649744.7657113107,6865000.121734775,73.81,True
20251031,19070,650152.7,6864998.6,82.94,True
20251031,137131,650293.3,6864997.5,89.13,True
20251031,81597,652088.5,6864976.4,92.19,True
20251031,62254,652148.4865372091,6864979.759394746,93.19,True
20251031,48491,652454.0448686418,6864977.2424429245,97.35,True
20251031,114867,652942.9384739478,6864973.248857119,63.74,True
20251031,133284,653594.7971355323,6864967.988283891,81.9,True
20251031,138593,653981.8384946138,6864964.899538093,77.25,True
20251031,21495,654671.9954716685,6864964.585009897,85.62,True
20251031,155663,649704.2930081435,6865031.362529249,69.5,True
20251031,20283,649724.663401983,6865031.185643646,78.3,True
20251031,48897,653456.0128112334,6865005.001905161,75.85,True
20251031,73862,654328.382445707,6864993.045137911,92.98,True
20251031,175811,654980.2388700247,6864987.940525458,92.01,True
20251031,139363,655020.9799155727,6864987.623923631,92.24,True
20251031,193068,655469.1315631063,6864984.160221873,114.37,True
20251031,130931,646465.6978785747,6865091.2875630595,49.81,True
20251031,72684,647178.9702587661,6865084.651760579,66.03,True
20251031,187088,647626.7979905367,6865080.669424622,67.12,True
20251031,185726,647769.389378479,6865079.381494362,65.32,True
20251031,133360,647933.3561550947,6865078.693378957,55.03,True
20251031,185385,647952.4159147209,6865078.127626709,49.03,True
20251031,152753,648523.0872388358,6865072.632193616,64.2,True
20251031,114338,649582.3397570155,6865063.312509524,74.71,True
20251031,85217,652739.7369413787,6865036.6822794005,90.39,True
20251031,188217,653289.736624011,6865032.21953291,79.03,True
20251031,172329,653696.5597490744,6865027.284412487,82.78,True
20251031,188951,654104.5517417754,6865025.704080779,80.14,True
20251031,134105,655632.3325242586,6865013.796641397,101.78,True
20251031,173186,647871.518446811,6865109.350705004,68.81,True
20251031,42788,648808.5435005188,6865100.991042152,73.71,True
20251031,192759,648950.2312852339,6865097.022904922,62.76,True
20251031,170533,650112.232756383,6865089.612446448,75.69,True
20251031,40273,650152.9730867192,6865089.261594829,80.97,True
20251031,139272,650682.5976048963,6865084.726607709,87.55,True
20251031,139112,650720.5974576747,6865087.23387727,86.03,True
20251031,71986,651110.3715555908,6865081.099097289,99.68,True
20251031,103770,651497.4053600003,6865077.844294548,97.55,True
20251031,154461,651517.7755662499,6865077.673705732,99.93,True
20251031,93737,651864.0691640829,6865074.784659741,100.64,True
20251031,148666,653371.4668148119,6865062.450089411,90.11,True
20251031,59248,654410.3508249763,6865054.177651275,88.92,True
20251031,100992,655530.7175775903,6865045.465282014,117.27,True
20251031,164703,646405.1591671607,6865153.626748838,58.77,True
20251031,106162,648055.1689883485,6865139.135235285,61.39,True
20251031,139357,648932.5742721318,6865135.444431054,68.82,True
20251031,74221,650173.6090323083,6865119.973403455,85.97,True
20251031,132563,652964.3126220512,6865096.632312459,79.53,True
20251031,44185,653330.9752335126,6865093.665563975,90.32,True
20251031,73863,654736.7209735907,6865082.231243698,109.81,True
20251031,97941,646936.6106358784,6865184.856217474,57.88,True
20251031,155245,647015.2223352406,6865174.311751976,44.4,True
20251031,7401,647057.2799687565,6865178.517196926,57.31,True
20251031,173934,648055.4034884435,6865169.477250673,58.57,True
20251031,29764,649420.1871197547,6865157.394971295,81.95,True
20251031,21494,650275.7245650212,6865149.985030826,78.3,True
20251031,74602,650499.7940760581,6865148.065220534,86.71,True
20251031,152356,651576.6589581288,6865139.018257002,106.29,True
20251031,56392,655510.8218810238,6865107.396479297,98.14,True
20251031,84270,646446.4703744483,6865215.023737689,64.47,True
20251031,183125,648667.0607589954,6865196.347848201,61.88,True
20251031,94870,649258.5,6865191.4,72.45,True
20251031,160904,649298.2380262595,6865189.350955003,74.28,True
20251031,87102,650092.6612347028,6865182.449372758,77.54,True
20251031,184066,651192.633378676,6865173.073268937,95.62,True
20251031,182222,651431.8316233082,6865166.4729519505,103.08,True
20251031,67575,652638.8957233792,6865161.063411434,80.87,True
20251031,190661,653637.0221687296,6865152.985593326,75.88,True
20251031,120476,653735.0285567222,6865155.4153671935,87.34,True
20251031,73856,654207.3807579092,6865148.446944909,97.61,True
20251031,167851,654309.4137370221,6865147.715657445,83.53,True
20251031,89314,654716.6298738502,6865144.442053919,85.53,True
20251031,132522,646263.4295325907,6865247.609141106,67.49,True
20251031,99897,648605.93887146,6865226.343723651,62.46,True
20251031,168290,649094.811459284,6865222.025247922,72.58,True
20251031,102580,649991.0788102066,6865214.215241997,54.82,True
20251031,94559,650744.7591017439,6865207.755115852,99.3,True
20251031,70165,651193.5188499773,6865205.080253653,97.12,True
20251031,164952,652048.4242714455,6865196.812441135,99.32,True
20251031,131465,652699.9136404181,6865183.2350307675,84.35,True
20251031,70032,653230.6631758333,6865186.9922265485,82.55,True
20251031,154763,655022.2355873355,6865172.617525356,84.67,True
20251031,183689,655711.3,6865172.0,93.37,True
20251031,91057,651580.177600318,6865231.59840001,114.74,True
20251031,70035,652820.0327145127,6865221.488675583,89.46,True
20251031,114576,646386.2191766205,6865308.250172234,58.22,True
20251031,169037,647852.0,6865292.6,63.62,True
20251031,187970,648056.2,6865286.6,54.71,True
20251031,158187,648484.2703781226,6865289.203958031,57.83,True
20251031,183985,648606.4871641014,6865288.117901517,74.77,True
20251031,74603,649869.3952833331,6865277.04636983,77.41,True
20251031,151082,650419.3721486906,6865272.31099194,88.23,True
20251031,45788,650479.8811140197,6865272.520911471,89.62,True
20251031,24928,650867.5017773312,6865268.491158914,108.17,True
20251031,154928,650887.8713129184,6865268.318354194,109.67,True
20251031,109917,651458.2185551943,6865263.508914738,107.75,True
20251031,96545,651661.9141132877,6865261.804872607,118.73,True
20251031,63942,653006.3061847005,6865250.737814979,80.56,True
20251031,143087,655022.899270239,6865234.722726413,81.69,True
20251031,187037,648930.9856952667,6865316.949133877,68.03,True
20251031,93032,649177.1035712493,6865313.970873852,81.39,True
20251031,157166,651254.7900939778,6865296.020818431,106.0,True
20251031,67573,651295.4717516616,6865295.664124169,109.67,True
20251031,157613,652376.7858461068,6865286.397124464,93.66,True
20251031,185335,653047.2959411386,6865281.29472229,77.54,True
20251031,180669,654698.6,6865262.9,78.15,True
20251031,51895,655003.716944755,6865262.380567491,87.02,True
20251031,73849,655274.7177069357,6865264.945185596,97.19,True
20251031,92037,647629.3122458326,6865358.652699103,67.56,True
20251031,74599,648199.650606012,6865353.522292183,71.19,True
20251031,189781,648486.3799698978,6865350.614156705,68.84,True
20251031,182254,650154.6998897663,6865335.825082676,75.48,True
20251031,91045,651336.5204221888,6865326.309240238,108.07,True
20251031,155664,651358.18973777,6865327.905250376,98.92,True
20251031,162592,651558.7104327474,6865320.170139452,133.58,True
20251031,86791,651764.2765242399,6865322.7300375495,142.43,True
20251031,191024,653693.0683670191,6865311.469218204,88.4,True
20251031,81383,653841.9527217553,6865305.794838542,91.23,True
20251031,169028,655165.9651804623,6865295.391715045,86.87,True
20251031,170986,655614.8928123268,6865297.926952866,90.32,True
20251031,72682,646550.0297233894,6865399.4046524465,62.84,True
20251031,13997,647120.3640278085,6865394.167935704,59.22,True
20251031,185836,647452.2,6865394.6,46.67,True
20251031,158426,649523.9215559008,6865372.716158074,61.13,True
20251031,177626,652090.4416784616,6865350.911511795,99.86,True
20251031,33708,653068.1661332004,6865342.90421453,88.04,True
20251031,141628,655511.6022541807,6865330.58133737,83.0,True
20251031,92036,647670.6089728979,6865420.058529196,66.04,True
20251031,134902,647874.299026161,6865418.221244707,41.34,True
20251031,126401,650216.7392117012,6865397.607494162,85.01,True
20251031,177872,651092.6102640161,6865390.143156782,108.96,True
20251031,187712,651683.6,6865386.7,144.52,True
20251031,132794,651927.7441703649,6865383.14938844,136.95,True
20251031,164555,652701.7716110443,6865376.774914092,85.35,True
20251031,179241,653577.6457862176,6865369.686481254,74.52,True
20251031,73867,653883.1835401106,6865367.244942315,100.64,True
20251031,78206,654552.9803540854,6865365.271681489,83.33,True
20251031,139358,654925.2271891045,6865350.835620744,85.72,True
20251031,129432,647507.9369910314,6865452.420595188,60.94,True
20251031,140868,648404.168699171,6865444.364961804,63.17,True
20251031,173543,648689.3335938379,6865441.830897529,70.09,True
20251031,179169,651093.7470509649,6865420.560551798,108.46,True
20251031,99768,651642.834338612,6865416.411232911,140.1,True
20251031,178025,652050.3264246831,6865412.661343786,107.18,True
20251031,188603,653069.7907299951,6865404.600463263,94.69,True
20251031,119459,648057.6,6865477.5,68.64,True
20251031,94076,649524.7293274137,6865465.377682723,76.21,True
20251031,90401,649722.9669256097,6865454.771471432,65.45,True
20251031,74229,649993.2128734568,6865461.31265839,77.52,True
20251031,92855,650523.88122885,6865455.011525447,93.28,True
20251031,192946,651089.1667656638,6865454.062809257,104.26,True
20251031,129524,652335.6354528754,6865441.556115677,92.9,True
20251031,122079,653825.7929280079,6865428.154072577,85.16,True
20251031,73843,654776.7,6865421.950924723,92.4,True
20251031,127843,654807.9495064605,6865422.317205679,93.3,True
20251031,113654,646021.5857883804,6865527.865660251,63.78,True
20251031,167426,646653.0134162559,6865522.013570123,51.98,True
20251031,183074,647814.0271564774,6865511.432983015,53.4,True
20251031,32118,651745.1942481245,6865477.336138503,174.02,True
20251031,33709,652539.5779231285,6865470.770266111,91.68,True
20251031,164953,655085.6853916848,6865450.4602613,82.24,True
20251031,181388,647876.247031677,6865542.229461111,62.99,True
20251031,133335,648991.1456661709,6865530.964209064,76.17,True
20251031,79569,650115.9582389976,6865522.032894634,75.8,True
20251031,54027,651439.921350125,6865510.777779698,140.83,True
20251031,193149,651806.0763365277,6865506.204646325,145.59,True
20251031,90777,652601.3052929256,6865498.083867417,88.47,True
20251031,184369,654289.3,6865487.9,85.74,True
20251031,97516,649749.5908209473,6865556.090437586,63.16,True
20251031,35846,650503.2266159552,6865549.598876397,92.22,True
20251031,123440,653639.9898699532,6865523.633753869,91.31,True
20251031,73855,654210.513821197,6865518.936965719,95.72,True
20251031,144793,647244.5486331467,6865609.262665877,60.56,True
20251031,159010,650218.3325898345,6865582.930852523,72.67,True
20251031,70155,652051.4936762095,6865567.459867108,112.4,True
20251031,92942,654027.6513762079,6865551.095630088,91.75,True
20251031,79631,650364.2955798178,6865615.992117032,80.87,True
20251031,173134,652947.9585267877,6865590.994883212,70.07,True
20251031,178514,654619.3660368168,6865578.543590993,87.67,True
20251031,190587,655147.056472758,6865573.253311337,79.47,True
20251031,73845,655493.8854132706,6865570.628734479,88.26,True
20251031,155737,648915.2994326488,6865656.05994232,73.65,True
20251031,146531,649363.3993664625,6865652.123704038,69.39,True
20251031,167148,651033.5926793563,6865637.757795329,90.5,True
20251031,70166,651189.714568396,6865639.886264771,110.1,True
20251031,174572,652012.0912738475,6865630.679580242,110.38,True
20251031,3296,653090.7875891019,6865620.725375424,84.75,True
20251031,177140,654519.2,6865611.9,75.96,True
20251031,73871,655575.9433408722,6865600.541252826,92.18,True
20251031,117141,648671.1552370139,6865689.108795671,67.66,True
20251031,74943,649241.0,6865691.6,74.68,True
20251031,131464,651224.2771498059,6865663.301645668,117.99,True
20251031,166819,651767.1068809076,6865662.490339722,118.67,True
20251031,160331,651808.5136158064,6865664.385915258,119.06,True
20251031,92297,652154.1018242011,6865659.279431258,91.24,True
20251031,186913,652336.8,6865657.767502775,90.52,True
20251031,191933,652622.8577313295,6865655.1442355355,82.56,True
20251031,73860,653742.8201283733,6865646.368866888,106.49,True
20251031,113316,654399.6,6865647.0,80.15,True
20251031,60142,648182.5985148782,6865724.350220156,81.7,True
20251031,54865,652480.2459711717,6865687.482949436,95.54,True
20251031,112995,653498.6497677417,6865679.214155944,57.08,True
20251031,52264,647429.2659346767,6865762.030986916,56.27,True
20251031,102740,650280.7640671127,6865736.842163113,71.18,True
20251031,189904,651441.7346575746,6865726.988998105,115.66,True
20251031,72361,653254.4820978127,6865712.0697497325,88.14,True
20251031,103423,654965.3940005556,6865698.509280375,76.82,True
20251031,39719,647307.3402533503,6865794.0290463315,59.79,True
20251031,130440,647592.4879284471,6865791.440963007,59.2,True
20251031,104635,649034.7,6865774.4,68.99,True
20251031,2865,650260.3976078012,6865767.577369143,72.78,True
20251031,74601,650301.3970840833,6865767.554590884,70.78,True
20251031,187549,651503.6609453649,6865759.938078634,101.17,True
20251031,120397,651727.1431523552,6865755.491894021,113.72,True
20251031,2099,652336.4350272466,6865750.471144357,85.77,True
20251031,144660,652785.6043588589,6865746.714181231,85.85,True
20251031,118406,653723.1925462689,6865739.193948415,97.29,True
20251031,109688,653845.3998331085,6865738.218470121,63.65,True
20251031,85544,654965.6342470443,6865729.3967804825,79.02,True
20251031,192920,647083.5780378769,6865826.95954453,52.57,True
20251031,167233,650177.3661497266,6865797.155735154,68.17,True
20251031,174984,653112.4065567784,6865774.997460883,79.58,True
20251031,170962,654314.1050247021,6865765.390516258,75.16,True
20251031,135317,654354.7278506665,6865765.165611047,72.97,True
20251031,190055,647142.9975714795,6865855.9410415925,57.04,True
20251031,103936,648183.7042320168,6865847.899025718,96.7,True
20251031,65077,650037.1490838402,6865831.608053828,73.06,True
20251031,153071,651788.7610155377,6865816.757517746,106.98,True
20251031,70157,651809.1286224027,6865816.587953871,110.81,True
20251031,71898,652970.0873101216,6865806.850157546,92.59,True
20251031,109778,653704.5629402137,6865800.770738626,58.87,True
20251031,83422,655454.9396178869,6865787.390305231,71.77,True
20251031,174443,649161.6160367773,6865870.119310162,71.86,True
20251031,135666,650648.4392726881,6865857.254784069,81.22,True
20251031,70164,650750.276600835,6865856.3876238065,83.02,True
20251031,168128,652562.8651777976,6865840.851197469,79.62,True
20251031,168878,654108.7967223977,6865826.373480238,98.55,True
20251031,125811,654638.0050837769,6865821.573635441,84.09,True
20251031,173213,654925.6198121584,6865822.37631385,79.3,True
20251031,72659,646409.9149919668,6865929.518559187,65.56,True
20251031,163630,648347.1953491258,6865908.21752986,97.95,True
20251031,126329,649202.6218724316,6865900.649047178,75.04,True
20251031,126049,652807.645613176,6865870.141966865,59.37,True
20251031,109462,654396.3060337605,6865857.410721719,71.99,True
20251031,73866,654986.9627131438,6865852.788474358,102.55,True
20251031,191974,647716.0887566593,6865944.772075812,56.8,True
20251031,177207,651076.6781537522,6865915.3994819,87.84,True
20251031,116766,651321.0853119855,6865913.339384241,98.72,True
20251031,71305,651850.6344518351,6865908.911233877,93.57,True
20251031,141977,652420.9185912469,6865904.1966231745,78.11,True
20251031,99275,652930.1012488275,6865900.034616805,83.68,True
20251031,15731,653926.4389260747,6865886.557644489,88.86,True
20251031,73875,654579.7411194291,6865888.173140819,82.07,True
20251031,19066,648940.1,6865958.7,79.16,True
20251031,181363,651443.5479682366,6865943.2005995475,101.59,True
20251031,70030,651728.688291642,6865940.816223609,100.23,True
20251031,4748,653868.0446924506,6865923.129957187,86.83,True
20251031,73870,653884.7219963487,6865924.095987972,91.76,True
20251031,88496,648388.7559493644,6866000.516022276,47.23,True
20251031,74226,649794.0777051471,6865988.158912871,84.45,True
20251031,14283,649936.6467455763,6865986.924351426,67.04,True
20251031,87103,650609.0568493174,6865981.200684917,77.11,True
20251031,71673,651932.6164598129,6865970.009120448,84.44,True
20251031,181737,652159.3643338839,6865977.638761748,72.09,True
20251031,60115,652401.0591680168,6865966.138917698,95.44,True
20251031,192269,653439.7810628684,6865957.692364056,74.88,True
20251031,141559,648694.5341364597,6866028.687960988,67.52,True
20251031,168766,649896.1800335656,6866018.1640654085,70.11,True
20251031,70163,652076.1272448953,6866002.097195714,88.48,True
20251031,67574,653236.3594667905,6865990.221352595,76.8,True
20251031,173794,653440.0294591612,6865988.579862268,78.38,True
20251031,174667,654213.9759535107,6865982.40754199,77.61,True
20251031,76122,647045.1030129984,6866074.429474917,74.34,True
20251031,82868,647715.4839552802,6866071.207655465,49.64,True
20251031,180045,650100.1152611618,6866047.292430292,68.89,True
20251031,70033,652992.2063391771,6866023.088085234,96.46,True
20251031,186798,653786.5151274705,6866016.693292756,80.3,True
20251031,179056,654906.6956627782,6866007.860204803,79.78,True
20251031,132947,648980.214637565,6866087.942815282,62.46,True
20251031,98662,649041.3145981411,6866087.404698494,56.27,True
20251031,75298,649915.4447760795,6866080.558706386,59.11,True
20251031,7331,650365.148459463,6866075.903840795,64.74,True
20251031,21750,651118.7165901929,6866069.492396365,101.57,True
20251031,119603,651994.9859622112,6866061.9807832325,83.6,True
20251031,134643,652381.4542268671,6866058.968779492,74.3,True
20251031,25007,648736.0883484404,6866120.989040283,67.22,True
20251031,46446,650772.7451111665,6866103.313419113,82.5,True
20251031,90587,650793.1117099783,6866103.140281049,81.5,True
20251031,67571,650995.790265809,6866101.72001679,97.81,True
20251031,141161,652993.000021554,6866083.499987542,90.37,True
20251031,169976,653827.7415989742,6866078.143360843,100.28,True
20251031,73844,654133.2419688891,6866075.715017895,81.77,True
20251031,90612,646928.1494360225,6866161.28137286,37.64,True
20251031,71892,651567.3013067818,6866127.501572218,86.52,True
20251031,84821,651587.6678204985,6866127.33122928,86.02,True
20251031,72360,652483.7950135813,6866119.907069807,78.35,True
20251031,164240,653298.4570866474,6866113.27819978,81.76,True
20251031,73852,654584.5762298474,6866100.46483465,85.89,True
20251031,179198,655823.9153179172,6866093.4572041435,89.2,True
20251031,110615,647109.1207536182,6866198.508761913,54.77,True
20251031,174982,647962.7156790493,6866189.668202206,61.4,True
20251031,188348,648736.1708958198,6866182.401415615,78.41,True
20251031,147539,649836.4174862885,6866173.129965508,78.46,True
20251031,70162,651486.2777012719,6866159.805574682,87.44,True
20251031,71896,652607.942844018,6866149.528738917,93.63,True
20251031,73876,654092.9984179002,6866137.812987929,75.41,True
20251031,130178,646594.3971497868,6866239.133966841,50.68,True
20251031,90243,647615.9855952641,6866225.03716091,75.76,True
20251031,91178,648391.6574512786,6866218.147062408,77.22,True
20251031,188969,649615.9874764063,6866199.964053238,64.87,True
20251031,91547,649795.9526280571,6866204.370426915,72.72,True
20251031,89492,654561.6699624428,6866165.005174757,80.29,True
20251031,133904,646840.6200301483,6866266.930881342,63.72,True
20251031,109863,647474.485258208,6866255.856808689,54.61,True
20251031,188305,649551.8269070967,6866237.382285613,62.55,True
20251031,55052,650305.6607963849,6866230.72159277,69.79,True
20251031,140407,651344.048460677,6866222.042432597,97.67,True
20251031,141020,652851.1474742172,6866209.572451303,59.92,True
20251031,122828,652932.6123776999,6866208.909574909,77.61,True
20251031,106106,655498.7615238933,6866188.615743737,72.81,True
20251031,176788,655519.1278225954,6866188.459231068,72.01,True
20251031,142146,649144.7758183155,6866271.83336032,51.52,True
20251031,171063,651222.1116269672,6866253.9581703,80.78,True
20251031,178110,652306.2174797443,6866243.764520598,82.43,True
20251031,70158,652321.5116873331,6866243.941119302,80.12,True
20251031,190126,652995.0522659873,6866239.330789771,78.7,True
20251031,138591,654053.0008757585,6866230.79885583,104.78,True
20251031,37345,647556.5091084695,6866316.892867703,83.73,True
20251031,183690,649796.7561674652,6866297.032621774,65.05,True
20251031,173034,650916.882536974,6866287.427583973,76.84,True
20251031,182413,654480.9330067564,6866258.307942737,90.97,True
20251031,81818,650754.2176895716,6866319.698669076,71.43,True
20251031,47734,651773.5291066051,6866309.010310588,90.92,True
20251031,128890,651813.7,6866317.4,84.12,True
20251031,36982,651935.4372696809,6866309.771308408,79.97,True
20251031,171877,653462.8793413852,6866297.291528586,75.84,True
20251031,149546,648575.5183496549,6866369.645758522,61.17,True
20251031,189622,649267.7838787857,6866363.423412884,67.77,True
20251031,85210,650236.4,6866355.9,67.12,True
20251031,137062,653809.3464396205,6866325.406404171,76.7,True
20251031,124240,654318.4920480561,6866321.366503046,78.39,True
20251031,117704,646802.7873901685,6866418.077245662,59.25,True
20251031,74222,650285.6140574607,6866385.869328987,73.51,True
20251031,94200,650920.7597460363,6866378.173723605,79.46,True
20251031,181385,652587.6514051772,6866366.172413619,82.43,True
20251031,91852,653239.3532661278,6866360.871836523,76.56,True
20251031,161706,655133.3651332721,6866345.883461626,83.9,True
20251031,164431,651895.515896809,6866407.135963919,73.8,True
20251031,120396,652180.5931805527,6866400.410073894,79.91,True
20251031,171718,652587.9043659137,6866397.059976563,88.13,True
20251031,141746,654052.4028888592,6866388.614284196,80.28,True
20251031,146838,653117.6593931491,6866423.635286285,95.09,True
20251031,131707,654259.5872936322,6866413.395406706,100.0,True
20251031,163860,649269.9,6866486.6,62.77,True
20251031,102122,649391.0580709095,6866485.903583567,39.08,True
20251031,128377,650142.1966134947,6866483.6425630525,71.05,True
20251031,176807,652914.4670029008,6866451.397739084,87.77,True
20251031,100220,655072.9870138342,6866439.020315215,52.85,True
20251031,193262,647844.2108326943,6866530.876636962,54.01,True
20251031,85257,648576.7228365176,6866523.969678704,62.15,True
20251031,191837,650615.8775497996,6866509.824523347,77.73,True
20251031,71983,650918.7156315646,6866503.640004804,82.85,True
20251031,94068,651854.7757654783,6866493.94135779,78.72,True
20251031,176454,652975.6028985257,6866486.566714153,83.66,True
20251031,70037,653118.159664738,6866485.41049736,95.09,True
20251031,188536,655256.5145209365,6866468.488499772,77.51,True
20251031,39148,648230.7921244081,6866557.942711613,74.18,True
20251031,137772,648312.2521262969,6866557.214820396,61.54,True
20251031,3533,649534.1533737218,6866546.434002812,45.23,True
20251031,81013,650246.9301431538,6866540.264295799,79.91,True
20251031,64894,655277.1184532291,6866499.218843332,68.99,True
20251031,190135,646092.7584122702,6866608.34711962,62.54,True
20251031,145087,647661.9,6866592.8,57.81,True
20251031,74224,649636.2472963178,6866576.434712082,69.21,True
20251031,133372,650715.5896748351,6866567.145220174,76.16,True
20251031,182122,651755.7273270763,6866549.649921491,78.21,True
20251031,52198,646031.9518984219,6866639.803657679,58.01,True
20251031,52816,646054.2171579249,6866635.00866835,71.01,True
20251031,134904,651204.609403401,6866593.892402453,71.42,True
20251031,92490,651367.130724398,6866592.636043498,83.35,True
20251031,71984,651510.0825571668,6866591.32571819,91.74,True
20251031,71999,651564.5191325514,6866590.6529560955,94.09,True
20251031,177716,651998.839896459,6866587.252353484,82.06,True
20251031,70001,652506.7864806979,6866583.23187729,91.51,True
20251031,193069,655827.4505789214,6866556.7725807885,71.13,True
20251031,134497,649575.690581669,6866638.741506178,70.37,True
20251031,164129,652610.0398977078,6866613.10639017,87.86,True
20251031,117825,647213.6695577626,6866690.687529547,73.36,True
20251031,167058,653526.704681698,6866636.564616546,84.78,True
20251031,112996,655970.475463388,6866617.462118835,61.88,True
20251031,97011,646090.6,6866742.7,60.23,True
20251031,56811,647193.5867814249,6866721.760643769,68.82,True
20251031,181545,647435.2163189544,6866724.337896545,60.1,True
20251031,128198,649113.3100716111,6866708.416772059,69.37,True
20251031,127132,649800.2381786318,6866698.569614154,44.45,True
20251031,154306,654402.6315731107,6866660.488665907,83.78,True
20251031,82686,654891.0519538604,6866655.651112894,86.5,True
20251031,31033,648313.9068021164,6866742.539378878,58.4,True
20251031,182927,654769.4364913513,6866688.500724747,81.03,True
20251031,189372,654829.6855604413,6866685.001093406,78.16,True
20251031,81711,647336.6997478764,6866782.236851071,54.99,True
20251031,81195,649108.3884705231,6866766.390227126,59.63,True
20251031,71296,653649.6349611937,6866728.248051987,79.7,True
20251031,71306,653771.8213720113,6866727.2710208865,69.51,True
20251031,67576,653812.550149596,6866726.945963687,76.25,True
20251031,94485,651896.9834124121,6866773.348339347,72.93,True
20251031,98049,647927.8178038073,6866838.669289564,51.85,True
20251031,144960,650294.9962444592,6866818.02189569,75.92,True
20251031,164688,650306.6605291434,6866817.642356385,76.92,True
20251031,79279,651063.8830841412,6866811.308754745,115.39,True
20251031,172428,653181.7535324068,6866793.792602544,75.61,True
20251031,160023,653504.9806923472,6866795.216000025,67.37,True
20251031,110374,655503.2725589526,6866775.4823788805,54.66,True
20251031,73822,655666.1864479168,6866774.2324103275,82.05,True
20251031,77922,647480.089911556,6866873.60407833,68.21,True
20251031,84053,650776.4969128716,6866844.556295916,79.43,True
20251031,110442,653813.289506446,6866819.609069607,71.71,True
20251031,185211,654098.5333539443,6866809.15936292,75.75,True
20251031,192883,651593.8666650258,6866868.632340973,84.49,True
20251031,189513,652265.8758953942,6866863.051932186,70.25,True
20251031,147494,652530.6069814552,6866860.875008834,71.32,True
20251031,120253,654404.0913188856,6866845.815097549,49.27,True
20251031,52737,646360.6494699074,6866945.648836143,78.35,True
20251031,125107,651247.9404790185,6866902.4251715895,83.94,True
20251031,91712,655585.4404658172,6866867.520243137,74.48,True
20251031,180560,655664.357757821,6866864.688578506,71.76,True
20251031,140196,647675.3,6866963.4,57.68,True
20251031,175713,649863.4718689196,6866945.140520201,62.54,True
20251031,92412,652029.1083366947,6866927.011759748,81.8,True
20251031,133460,652531.113556996,6866922.650388088,67.29,True
20251031,120046,653854.7563398312,6866911.947485878,50.17,True
20251031,52736,646340.8584744631,6867007.612384799,74.34,True
20251031,125003,652409.1852101574,6866954.541302901,52.84,True
20251031,55630,648723.6563860016,6867012.3,56.38,True
20251031,97538,650373.0926006868,6867002.528809678,81.49,True
20251031,48383,651717.0806498333,6866991.162564695,53.92,True
20251031,119191,653305.4335124308,6866978.132035088,53.08,True
20251031,157005,646256.5358969977,6867076.377734635,69.01,True
20251031,147683,646728.332034014,6867065.813675344,69.16,True
20251031,105763,648769.4,6867039.1,55.95,True
20251031,150622,650699.5037765702,6867029.981695149,76.31,True
20251031,98830,652918.777940934,6867012.15372062,63.67,True
20251031,85139,654032.6044141668,6867003.014435459,70.01,True
20251031,176319,654186.542338882,6867000.532341944,58.79,True
20251031,52729,647115.5153827778,6867093.153451134,65.46,True
20251031,117535,649518.3676056345,6867071.699513762,64.15,True
20251031,96854,650801.2499229815,6867060.653717213,67.23,True
20251031,39878,652185.9112210666,6867048.911079695,63.97,True
20251031,149860,646973.2565357201,6867125.344957675,51.29,True
20251031,185077,648011.7705446196,6867115.924582597,68.6,True
20251031,6298,650740.5691326195,6867088.957370946,67.76,True
20251031,155009,654914.1,6867052.2,72.08,True
20251031,149486,655322.140091021,6867054.884452772,73.18,True
20251031,169838,648005.0276683774,6867142.721819817,61.95,True
20251031,34480,655016.9314198084,6867088.137905456,110.36,True
20251031,190593,655994.3624906952,6867080.624740514,64.99,True
20251031,29043,649989.6402169339,6867157.955434369,84.99,True
20251031,76930,651657.2800290873,6867146.11091326,68.13,True
20251031,102952,653062.323616785,6867134.547143375,63.46,True
20251031,86400,652186.9715488389,6867172.601248589,75.75,True
20251031,83706,654182.5323685734,6867156.4617440915,62.75,True
20251031,41969,655055.4952888922,6867150.3841823945,94.48,True
20251031,84220,648033.2428077683,6867239.291921872,53.23,True
20251031,79009,650089.868858238,6867221.19336397,59.55,True
20251031,85299,651393.9331928119,6867209.323804637,60.51,True
20251031,127889,653918.0606981601,6867189.450945198,57.19,True
20251031,156057,646261.985603612,6867286.355048896,75.81,True
20251031,30525,648574.5862039905,6867259.253025408,54.42,True
20251031,49862,649173.8207354621,6867260.054438238,79.4,True
20251031,156163,650558.4741668894,6867248.061743408,78.16,True
20251031,48628,652391.1080456041,6867232.69836544,64.07,True
20251031,142236,646302.9970162819,6867316.864597426,70.07,True
20251031,134084,650212.5762162529,6867281.916540347,60.91,True
20251031,168855,652289.43731047,6867261.966557566,61.36,True
20251031,105379,649100.7558340624,6867327.529993545,84.84,True
20251031,126365,649988.8561484471,6867314.735136707,64.3,True
20251031,175412,654998.0091303888,6867273.62342362,80.87,True
20251031,126091,646079.58689927,6867380.721786676,73.96,True
20251031,101226,646181.3974315143,6867379.774263589,63.62,True
20251031,48639,651007.2352004694,6867336.915829507,67.94,True
20251031,49739,654224.4795063407,6867310.578792519,46.57,True
20251031,7013,646711.0968317888,6867405.763543745,65.13,True
20251031,46470,652269.951107856,6867357.255659536,71.03,True
20251031,168312,655360.8,6867332.2,71.16,True
20251031,72655,647566.5823077682,6867428.840728267,65.65,True
20251031,82698,650274.7249751027,6867404.942222407,66.89,True
20251031,134956,650600.5173669447,6867402.152577573,58.92,True
20251031,141963,651944.4126261879,6867390.839124804,65.84,True
20251031,188149,646391.3,6867473.2,67.15,True
20251031,57708,648585.9802172019,6867451.279674198,54.53,True
20251031,106445,651478.4,6867424.2,62.89,True
20251031,179765,655508.0210404241,6867393.2397908,69.8,True
20251031,185314,647465.332932703,6867491.53923204,50.85,True
20251031,173514,648787.0014783121,6867482.249336169,56.01,True
20251031,140197,649811.4,6867472.6,61.98,True
20251031,60857,651272.9847196086,6867458.232382633,60.75,True
20251031,91834,646142.110253948,6867534.590660739,78.1,True
20251031,99790,650199.4204045759,6867491.0238413345,65.19,True
20251031,126344,650214.4359470134,6867498.130491239,40.99,True
20251031,48542,654775.4698852645,6867460.6966337925,79.99,True
20251031,149487,655488.4162323703,6867455.722691,78.11,True
20251031,99061,649645.0011052615,6867533.946441927,65.22,True
20251031,190737,655793.8188697608,6867487.813891866,93.8,True
20251031,118740,647486.535356797,6867584.017289111,47.48,True
20251031,37680,650684.9339436858,6867552.694938676,61.11,True
20251031,151181,651336.1649530595,6867551.644840564,62.36,True
20251031,58860,653007.2,6867537.5,61.16,True
20251031,64717,654165.104627679,6867527.277488273,82.98,True
20251031,67351,647894.0413420841,6867611.224574826,55.57,True
20251031,52248,648749.2162518634,6867603.589120269,58.5,True
20251031,149836,651009.3267070084,6867584.017934117,59.96,True
20251031,102424,646916.9832608682,6867650.99313071,46.24,True
20251031,39875,651538.9816547328,6867610.449084314,66.65,True
20251031,164592,653127.1645967916,6867597.36966246,61.87,True
20251031,4769,646163.9083136473,6867688.839037174,79.85,True
20251031,72653,646367.746094946,6867687.075746555,71.28,True
20251031,52821,646625.8,6867682.4,65.39,True
20251031,186788,648888.9,6867673.4,71.22,True
20251031,191269,648973.9173887222,6867663.094050563,53.52,True
20251031,73188,649136.6243311042,6867661.951926774,75.1,True
20251031,102426,646062.391060299,6867720.674447238,49.68,True
20251031,104739,646832.7202032346,6867711.700774736,67.83,True
20251031,112029,648587.4231822735,6867728.584543545,77.91,True
20251031,46397,655247.0,6867672.2,68.25,True
20251031,77931,646164.7702120477,6867781.501814159,72.54,True
20251031,115400,647306.5998380585,6867771.499994047,61.65,True
20251031,169907,653026.360617081,6867721.746643976,67.74,True
20251031,131651,653474.3006697067,6867718.128565244,58.32,True
20251031,163796,654778.8431105365,6867712.704967489,68.33,True
20251031,95078,648119.676823642,6867794.538702315,56.31,True
20251031,88632,649463.4810463988,6867782.649242833,130.15,True
20251031,106079,651886.4076164769,6867762.000608173,71.09,True
20251031,119533,655086.2277162623,6867738.246242792,71.5,True
20251031,134733,655836.4066337381,6867730.5127674,98.17,True
20251031,12245,646002.4610120179,6867844.794386234,79.45,True
20251031,158926,649015.6,6867825.0,66.36,True
20251031,189186,649097.2603653428,6867825.4,66.83,True
20251031,172540,649423.029580307,6867813.89271818,60.15,True
20251031,109437,653413.7378481711,6867780.567156385,46.0,True
20251031,177008,654650.5,6867766.5,73.74,True
20251031,94220,650237.718884581,6867837.720957644,70.3,True
20251031,137275,651886.9211499227,6867823.7763857115,92.04,True
20251031,62058,649259.5667921486,6867879.333396074,66.29,True
20251031,66370,652905.2005320109,6867846.291143172,64.28,True
20251031,168619,654085.3657540155,6867836.860509865,49.39,True
20251031,52514,654988.772411953,6867859.317435181,90.92,True
20251031,170366,655364.7458727664,6867859.608945694,78.93,True
20251031,49719,655593.0241452106,6867855.934471802,98.37,True
20251031,87972,646736.5754737093,6867961.553073838,81.97,True
20251031,94642,650197.795248246,6867930.734709412,40.09,True
20251031,149903,649342.9390076202,6867969.043941838,59.35,True
20251031,132702,651908.3083294454,6867947.158820258,63.0,True
20251031,93873,654432.9667306739,6867926.731249386,62.11,True
20251031,95626,655878.5412012934,6867915.530634473,73.81,True
20251031,103099,651173.9498397916,6867977.116253742,64.38,True
20251031,94322,646961.385377486,6868052.159416271,48.88,True
20251031,187089,654087.3337481365,6867991.242724158,60.42,True
20251031,160642,654437.8,6867990.0,71.37,True
20251031,60287,646754.147916881,6868085.988601414,69.11,True
20251031,72648,647981.577935668,6868068.161930138,63.53,True
20251031,35871,648061.089632367,6868073.076203256,68.94,True
20251031,77940,653700.7417633261,6868025.212438667,63.89,True
20251031,167441,654704.0188611978,6868016.01506519,90.97,True
20251031,76941,651970.3088591237,6868074.61925855,64.09,True
20251031,66956,646533.7654166275,6868141.817874354,67.96,True
20251031,160866,655004.2528146575,6868076.711395434,72.47,True
20251031,188903,651116.8,6868172.8,66.78,True
20251031,140000,653722.0895533564,6868148.601789764,68.55,True
20251031,121134,655993.8644396284,6868114.528575814,75.11,True
20251031,100179,647345.439132508,6868231.11404764,60.69,True
20251031,87036,650510.8,6868203.9,60.06,True
20251031,122829,652521.1391514679,6868189.219575854,67.6,True
20251031,146840,653274.160213856,6868180.682758434,57.06,True
20251031,99561,646652.9796228239,6868271.5752224345,65.05,True
20251031,19115,649772.9124945721,6868243.308264492,58.88,True
20251031,159271,653681.8651586117,6868210.703668355,75.11,True
20251031,190819,655110.2,6868203.0,59.59,True
20251031,181738,646655.4942868055,6868302.2836875,65.15,True
20251031,27373,651564.7715684341,6868258.924745352,76.44,True
20251031,192626,655434.5444351474,6868227.273933057,75.54,True
20251031,52287,655921.61417734,6868224.1017411975,78.8,True
20251031,86764,651140.5036557287,6868320.483650336,78.28,True
20251031,116141,651158.112739669,6868324.122786516,65.78,True
20251031,49861,646579.4,6868393.3,66.32,True
20251031,182069,648918.9226197719,6868374.343976651,49.49,True
20251031,188902,651117.4,6868356.3,61.85,True
20251031,114673,651971.18380625,6868348.21401562,67.14,True
20251031,125421,652502.0474309422,6868343.826823673,67.9,True
20251031,46462,654700.7922125811,6868326.198734438,65.51,True
20251031,189516,655372.3115668726,6868320.584351916,58.92,True
20251031,183102,649122.7802906327,6868403.438512159,68.33,True
20251031,71284,651016.1241326926,6868387.103251395,65.85,True
20251031,59793,654782.4686702982,6868356.450043762,72.83,True
20251031,190567,648675.1672251007,6868438.28125919,59.99,True
20251031,151199,650549.079119488,6868422.58896078,67.82,True
20251031,89545,651887.4,6868409.1,61.66,True
20251031,98782,654329.0139342919,6868391.712554976,67.82,True
20251031,128177,646593.197892728,6868482.870493865,45.81,True
20251031,72654,647270.7216574533,6868481.797726402,55.85,True
20251031,112437,648416.5605222146,6868472.016463999,44.8,True
20251031,48824,648634.7246109967,6868469.530408918,63.05,True
20251031,186966,648716.1577141632,6868468.8082014,57.23,True
20251031,42615,655597.2899920306,6868411.921015452,71.08,True
20251031,132170,647759.2444507002,6868508.710349682,53.27,True
20251031,142717,652319.8369489757,6868468.885799116,67.05,True
20251031,128297,654823.9093792972,6868448.79657939,57.09,True
20251031,171872,650425.3615406263,6868518.943217727,69.38,True
20251031,27925,652787.993429312,6868504.3357371725,71.67,True
20251031,69458,653236.2095947318,6868492.298520836,48.83,True
20251031,111314,646538.6817896174,6868581.18534468,41.5,True
20251031,151659,652971.8041254886,6868525.33129508,61.88,True
20251031,4725,653362.1786392463,6868521.4534986215,63.97,True
20251031,55834,649180.5,6868597.6,62.1,True
20251031,177556,652585.5068924746,6868590.263775073,62.05,True
20251031,178893,653643.857115071,6868581.69421927,56.96,True
20251031,39157,653990.1999116506,6868578.925272406,71.6,True
20251031,89832,646968.1177614653,6868670.022385348,41.59,True
20251031,182901,647150.2647962117,6868668.239118198,50.92,True
20251031,180639,651071.70002415,6868638.750036225,60.42,True
20251031,137071,652015.7434455199,6868625.8502638005,61.89,True
20251031,46105,655232.2711805946,6868600.073576358,68.07,True
20251031,106166,655924.4372190316,6868594.760447474,76.76,True
20251031,165210,646641.61041648,6868703.797287844,54.57,True
20251031,176576,648433.0685803856,6868687.5563997105,74.87,True
20251031,155591,652956.2956628185,6868649.156138535,61.85,True
20251031,85297,654851.0076933005,6868632.9743642695,54.13,True
20251031,35211,647415.4746799923,6868727.604048659,59.16,True
20251031,72652,648250.1272570175,6868720.079886183,57.7,True
20251031,56913,651446.2457082204,6868692.380949732,93.57,True
20251031,72992,651385.4327243692,6868723.78178435,81.35,True
20251031,178003,651324.6203979563,6868755.183265909,70.99,True
20251031,88913,652138.9116626966,6868748.391257893,56.69,True
20251031,107284,653726.7823399847,6868735.476409174,58.42,True
20251031,75267,646280.4,6868827.8,55.62,True
20251031,24748,649126.3103894063,6868804.982034729,74.84,True
20251031,124951,655401.6126119101,6868752.836127316,91.2,True
20251031,80592,653727.2763188488,6868797.252850532,59.34,True
20251031,151081,654195.490267612,6868793.527845266,55.39,True
20251031,175378,653361.0971676758,6868827.8,53.03,True
20251031,48548,654886.9,6868822.4,68.9,True
20251031,139812,646850.5,6868914.3,58.89,True
20251031,180812,648516.4222594074,6868903.04722704,49.5,True
20251031,133494,648129.9210057156,6868937.389262284,55.64,True
20251031,32193,655478.4539403686,6868872.997730168,93.79,True
20251031,135944,646787.1325592246,6868981.084716781,59.12,True
20251031,187991,647214.1551303033,6868976.560919549,56.34,True
20251031,102899,648517.1,6868961.8,53.01,True
20251031,77288,651061.5432876402,6868942.74405564,67.79,True
20251031,83150,650695.650769366,6869007.6307682935,90.4,True
20251031,176856,654446.0,6868985.1,62.9,True
20251031,123173,651958.0226583929,6869027.902410179,53.14,True
20251031,123396,654496.7510640558,6869015.912293297,60.54,True
20251031,44863,648009.168861415,6869092.925440658,73.31,True
20251031,87020,653281.4148238656,6869047.957275143,86.99,True
20251031,100004,653546.045988786,6869045.8267921265,45.43,True
20251031,170217,650839.1951341635,6869129.971065127,80.31,True
20251031,110546,651693.1,6869124.6,63.38,True
20251031,184221,646198.3417670402,6869202.15063717,56.49,True
20251031,28523,651836.894563574,6869152.471194709,77.4,True
20251031,3181,653872.4847058051,6869135.886201727,65.88,True
20251031,32485,650051.0880923489,6869201.20404009,64.43,True
20251031,114672,655783.0,6869149.4,74.37,True
20251031,65838,646651.0,6869267.3,57.38,True
20251031,154132,648295.5340772859,6869244.812247665,68.69,True
20251031,183677,648499.0895812275,6869242.99694471,57.61,True
20251031,90838,652631.5325977704,6869238.582708097,77.2,True
20251031,95271,653445.7455600325,6869231.830232131,61.51,True
20251031,43627,654789.2257737054,6869221.321775682,63.35,True
20251031,41184,646667.6617610889,6869321.36848802,65.86,True
20251031,2519,650555.531583524,6869286.840180091,67.75,True
20251031,90837,652855.695556236,6869267.642361191,76.28,True
20251031,89238,652916.7619595191,6869267.145144256,52.13,True
20251031,136277,653731.2281588553,6869291.465518512,41.84,True
20251031,140347,654117.9805404409,6869288.38588198,56.95,True
20251031,184902,647116.3290329515,6869378.766129773,60.05,True
20251031,93161,651858.7923586578,6869337.631345714,61.99,True
20251031,101983,652469.4493964962,6869332.582796906,74.0,True
20251031,67103,652774.7778884498,6869330.0829470055,57.73,True
20251031,67100,652856.1988820422,6869329.4189956775,49.84,True
20251031,19114,648663.3042644255,6869395.990472133,56.83,True
20251031,158712,649205.6257322506,6869394.2474866705,56.02,True
20251031,89239,652917.5159703818,6869359.810115806,49.25,True
20251031,85055,647401.5753260218,6869438.213048076,71.08,True
20251031,118852,655299.3102054863,6869371.810082801,64.02,True
20251031,110572,649783.367205662,6869447.942480181,70.87,True
20251031,19612,647438.4,6869501.0,53.79,True
20251031,179861,651289.4614278274,6869465.480006725,72.69,True
20251031,173070,651611.4396195739,6869466.842344515,71.26,True
20251031,175924,653142.1730004208,6869450.657601742,109.0,True
20251031,140672,655320.142336652,6869433.429774864,68.68,True
20251031,170218,652145.0428375972,6869489.708984862,60.39,True
20251031,175681,652755.6836736655,6869484.6908162795,56.91,True
20251031,182626,654119.4500973078,6869473.7162526855,58.28,True
20251031,2604,654974.3497568865,6869467.000578951,50.31,True
20251031,128011,654832.1075347662,6869498.999539028,47.93,True
20251031,28429,648278.2157577171,6869584.763581357,67.7,True
20251031,189836,646346.7271018596,6869632.729695501,55.37,True
20251031,156160,648694.2,6869616.5,57.64,True
20251031,166467,653000.6928640953,6869575.366741452,108.87,True
20251031,112145,653021.0472487455,6869575.2014409425,108.83,True
20251031,65469,653122.8191807118,6869574.376012449,109.3,True
20251031,139973,653733.4510759688,6869569.461033384,61.32,True
20251031,166463,653204.4865530131,6869604.605365891,109.06,True
20251031,86761,648258.6902622046,6869677.610108404,50.24,True
20251031,90462,650416.2202325816,6869658.718474064,54.81,True
20251031,191276,653408.278126692,6869633.851176141,61.15,True
20251031,176784,648197.9045446032,6869709.044685508,115.44,True
20251031,26208,651658.0789988848,6869679.099932675,49.3,True
20251031,193311,649154.8106509456,6869731.447124897,59.16,True
20251031,184350,650884.888898103,6869716.50221591,57.61,True
20251031,146863,652330.01646212,6869704.415368134,53.56,True
20251031,166470,653103.4662318934,6869698.094614312,108.7,True
20251031,66487,653876.2956173568,6869687.0535947345,67.9,True
20251031,119809,648035.6280848017,6869772.281230045,48.59,True
20251031,145672,653958.5784311546,6869722.117290526,61.1,True
20251031,154164,647669.5411118425,6869806.47147077,66.8,True
20251031,99559,650803.9986285468,6869778.970579503,58.62,True
20251031,177164,651821.682789939,6869770.4068837445,57.91,True
20251031,67106,651923.1019211953,6869768.364040713,56.75,True
20251031,81088,655790.6649707156,6869738.718845603,44.94,True
20251031,154449,648889.9,6869828.2,53.6,True
20251031,66490,652534.3159941353,6869795.407229088,59.33,True
20251031,182800,652758.2057428169,6869793.574814456,72.66,True
20251031,81192,648058.9974970062,6869865.941225061,47.04,True
20251031,156161,655440.4397862498,6869805.399554688,64.63,True
20251031,45953,648364.9025575281,6869889.94160819,45.5,True
20251031,24938,647263.8775425003,6869964.608589451,66.52,True
20251031,142083,649523.3356625307,6869975.345556083,55.67,True
20251031,170659,652474.5238091634,6869950.350715798,72.29,True
20251031,55133,647121.9710660523,6870027.68540354,71.29,True
20251031,159400,648098.9058875147,6870018.839080579,54.21,True
20251031,92060,654795.0183456755,6869962.645184615,77.48,True
20251031,100960,655490.1433118719,6869949.066755975,84.54,True
20251031,137498,653512.5183192069,6870002.186317268,48.4,True
20251031,72421,646757.2372701645,6870097.076642422,71.28,True
20251031,166857,650989.5366147138,6870055.411400132,44.2,True
20251031,81797,651702.893200396,6870049.6007477725,56.62,True
20251031,35282,653737.4,6870037.0,56.88,True
20251031,144097,651661.4339749297,6870080.649272104,55.45,True
20251031,167674,652699.6702306806,6870102.958467967,59.89,True
20251031,20740,653208.7334396478,6870129.709502483,43.11,True
20251031,151851,655667.2,6870106.9,48.14,True
20251031,73086,646350.284015546,6870220.135007102,57.84,True
20251031,143875,650868.4697052157,6870180.000894134,60.83,True
20251031,76018,652761.2322343322,6870164.236657424,65.24,True
20251031,187234,653514.2037830668,6870158.111142101,55.38,True
20251031,7168,650563.4498569417,6870213.4899462145,42.35,True
20251031,134186,646612.6634954015,6870282.610744075,50.04,True
20251031,45084,650258.6989796875,6870277.883529645,61.96,True
20251031,80892,652983.2885631062,6870262.366551684,55.42,True
20251031,160937,655048.8461124155,6870237.209688875,65.2,True
20251031,66146,655060.0486221523,6870238.935817438,65.2,True
20251031,173828,648325.5459533974,6870325.718272135,48.77,True
20251031,46854,649648.4107007787,6870314.053635999,55.13,True
20251031,85708,652984.5,6870283.0,54.42,True
20251031,139030,646087.1458059254,6870377.03577894,45.61,True
20251031,173938,655592.4432570238,6870296.107294485,65.97,True
20251031,65405,652606.2,6870367.9,58.26,True
20251031,67104,654716.7493576157,6870364.833937875,86.07,True
20251031,192451,646867.1050893564,6870460.920503599,71.26,True
20251031,162653,650789.1626678507,6870427.800641947,58.68,True
20251031,67105,653658.856082516,6870404.127453891,63.56,True
20251031,170350,647794.2625707535,6870490.208380502,62.28,True
20251031,124207,649873.6185734471,6870466.551827879,53.71,True
20251031,149937,655954.7851196476,6870417.7551075,70.08,True
20251031,159629,647370.7006829384,6870519.671186096,45.41,True
20251031,79149,647899.7158642681,6870517.7733453605,62.62,True
20251031,132147,652417.7835570998,6870475.957630547,55.76,True
20251031,12551,646984.4,6870541.1,62.29,True
20251031,28422,648708.6189556838,6870539.3861458255,68.78,True
20251031,2589,653883.3188678317,6870494.9800076885,70.79,True
20251031,91449,655901.8587970741,6870477.778133776,67.82,True
20251031,49863,648714.4112263556,6870569.336446552,66.78,True
20251031,45828,651543.19926419,6870544.99858981,63.87,True
20251031,39340,655857.6186888649,6870510.469126807,65.56,True
20251031,160643,655429.7998952453,6870540.343451039,64.28,True
20251031,112688,649243.7383172947,6870630.387572829,44.81,True
20251031,144895,654291.0741452927,6870584.415795936,52.65,True
20251031,132992,654311.424980256,6870584.255034782,62.45,True
20251031,126051,652073.0924832176,6870633.256568934,58.44,True
20251031,139999,653825.3423234374,6870621.377437949,59.9,True
20251031,65667,653965.9524588834,6870648.775121016,71.28,True
20251031,10843,655146.2886888091,6870639.502976703,48.34,True
20251031,84219,650791.5274085761,6870705.797553586,60.51,True
20251031,188062,652358.5105859155,6870692.680479382,66.94,True
20251031,102939,652094.2105311191,6870725.753912837,51.87,True
20251031,125502,654963.6139123151,6870702.703519065,64.0,True
20251031,172451,650812.787119015,6870764.645746092,58.5,True
20251031,104654,650853.1034810637,6870767.0557366265,67.46,True
20251031,141984,652277.6184094626,6870755.12874544,63.35,True
20251031,152854,652786.3744468283,6870750.954117612,50.91,True
20251031,116843,652827.0749456452,6870750.622080289,49.49,True
20251031,115103,651301.0678886998,6870794.1580790365,83.09,True
20251031,66800,648147.3640253332,6870883.348890325,58.78,True
20251031,186342,651627.444398473,6870884.092161385,47.68,True
20251031,89834,652196.5,6870877.4,49.69,True
20251031,98000,649267.1448568566,6870935.201757206,56.88,True
20251031,64916,652299.2421870247,6870909.404323972,62.38,True
20251031,14899,653866.4164991085,6870927.584419442,77.15,True
20251031,172177,651953.8106305812,6870974.04472883,56.1,True
20251031,192465,651954.067186784,6871004.933437807,57.1,True
20251031,99274,646053.0682248934,6871087.847326836,46.78,True
20251031,165583,653114.2317632155,6871026.304460703,59.41,True
20251031,156114,653277.275516549,6871055.87603898,56.86,True
20251031,58547,654050.5446256411,6871049.681916784,67.47,True
20251031,133558,653196.1287445783,6871087.422852172,57.48,True
20251031,168552,654274.3300726428,6871079.194509358,68.47,True
20251031,170144,649391.6748146225,6871212.129727402,51.19,True
20251031,45329,650531.1987589162,6871202.272131747,68.78,True
20251031,89833,652362.5807118319,6871186.899920032,51.83,True
20251031,77115,646685.5977175282,6871267.3296259325,68.66,True
20251031,141426,649351.5183804821,6871274.263204338,60.78,True
20251031,113588,652700.9106761775,6871277.485862411,67.49,True
20251031,134122,650776.4341734148,6871323.743896679,70.7,True
20251031,162652,650821.5,6871326.4,70.11,True
20251031,190739,652058.3741035977,6871312.976813801,55.45,True
20251031,141427,649274.060671453,6871373.684580456,47.37,True
20251031,38733,652424.8971480416,6871340.841504812,52.33,True
20251031,40114,650899.3102096525,6871415.372490523,81.37,True
20251031,24964,654154.8048974723,6871389.732465049,45.48,True
20251031,154348,654887.5122196539,6871382.89260177,66.45,True
20251031,68720,648335.7541665419,6871468.593161952,59.75,True
20251031,152178,653527.3805860083,6871422.306749035,63.12,True
20251031,183413,653788.9664265943,6871422.455600795,47.06,True
20251031,66491,654155.2284775362,6871419.541057718,46.68,True
20251031,138107,648967.0789862656,6871524.770794882,62.52,True
20251031,116737,650327.9,6871514.7,42.89,True
20251031,162701,652630.1497137429,6871555.393470055,89.72,True
20251031,172962,654725.9369273274,6871538.609259694,88.23,True
20251031,183024,653037.349007621,6871582.963896773,71.75,True
20251031,129072,654565.0324437813,6871598.371476263,50.15,True
20251031,163213,649151.0735375063,6871705.45339751,53.57,True
20251031,121258,652183.5280886623,6871682.632396127,49.69,True
20251031,183224,650596.7299834788,6871726.8594210865,56.07,True
20251031,173759,654157.4318747926,6871697.541655837,49.28,True
20251031,64966,652306.374058831,6871774.291164304,83.77,True
20251031,182512,655948.9039438397,6871807.18362591,56.05,True
20251031,147509,647892.2787383844,6871935.939352592,60.59,True
20251031,108913,650028.6206685742,6871917.086679725,59.2,True
20251031,66144,652266.9554028244,6871929.071591473,79.07,True
20251031,20447,653914.9917738367,6871915.7050752565,77.63,True
20251031,48551,655257.8389969863,6871905.16104826,68.61,True
20251031,66369,652389.5495079036,6871959.799333604,68.62,True
20251031,65663,653121.742669531,6871952.971192249,80.39,True
20251031,34475,654932.5407454739,6871938.57762952,87.87,True
20251031,41548,647526.8901388198,6872031.916721827,58.15,True
20251031,87973,652998.4,6871983.3,73.82,True
20251031,81528,655257.6,6871964.0,65.61,True
20251031,52261,649362.5263701152,6872087.160058907,51.16,True
20251031,137372,653916.3219987756,6872038.041668944,61.01,True
20251031,149342,653081.6249825999,6872072.577501739,63.31,True
20251031,30881,655261.1,6872083.3,68.51,True
20251031,159464,654608.7897715678,6872157.040033755,79.44,True
20251031,97619,651028.1981566165,6872217.448233244,59.43,True
20251031,98831,651374.0647726962,6872214.529896102,63.59,True
20251031,171212,654528.7663081306,6872184.661802324,78.44,True
20251031,114525,653123.995952756,6872230.972609612,76.83,True
20251031,99243,647917.0,6872307.7,39.0,True
20251031,94534,648383.8930466492,6872302.226521428,55.58,True
20251031,146413,651749.2752017248,6872259.055757894,49.41,True
20251031,49712,650906.9142561243,6872311.150136917,71.12,True
20251031,96163,646818.1981514653,6872409.086590023,63.27,True
20251031,24725,651986.2132007582,6872425.653712905,50.05,True
20251031,140641,655038.5140115137,6872406.24824856,54.14,True
20251031,157964,655322.6956345189,6872398.915729608,55.9,True
20251031,104095,646368.4,6872507.5,93.26,True
20251031,161995,652678.4272094645,6872481.730543505,73.78,True
20251031,191266,652712.7073757029,6872487.417528974,72.78,True
20251031,85115,651804.1437223103,6872550.733109467,89.92,True
20251031,76938,650400.6797764497,6872593.491164116,77.87,True
20251031,73582,646799.8,6872656.4,82.44,True
20251031,55316,647268.0287411781,6872652.099044175,81.72,True
20251031,82201,651096.052845132,6872620.090469028,84.21,True
20251031,66360,651702.9066452101,6872613.1509367665,81.18,True
20251031,4294,653150.0,6872602.2,59.69,True
20251031,136711,653451.6566434768,6872599.8566434765,75.84,True
20251031,183563,655057.5,6872586.9,59.86,True
20251031,77935,651602.2747401728,6872675.957953024,71.25,True
20251031,184068,655216.9622142474,6872651.244617683,53.97,True
20251031,85295,649771.096475074,6872722.490659144,75.95,True
20251031,55899,646960.8614446906,6872768.573876049,97.71,True
20251031,172120,654185.7714288704,6872712.75390741,92.26,True
20251031,98670,649675.8,6872789.6,86.2,True
20251031,43766,651643.2004902929,6872768.315637294,88.17,True
20251031,178734,649792.2443494406,6872814.98119062,49.78,True
20251031,104297,652803.0132268023,6872789.624730713,52.89,True
20251031,27100,647249.6575685291,6872868.507131428,94.91,True
20251031,92395,649772.1696575884,6872846.046928987,50.78,True
20251031,176464,650769.2344221128,6872868.363979635,91.47,True
20251031,126343,648918.3150266306,6872915.309288361,59.87,True
20251031,6195,649345.5104997234,6872911.551420621,62.07,True
20251031,91161,649650.6502927496,6872908.886551198,69.24,True
20251031,168359,651501.8346781563,6872893.064822081,79.19,True
20251031,48543,655001.0303838997,6872895.6679512365,65.97,True
20251031,95529,655448.57000736,6872892.202681849,61.02,True
20251031,73579,646945.6492482873,6872994.85455391,98.92,True
20251031,160606,648715.4366016183,6872978.887956991,63.66,True
20251031,126707,649544.7381892161,6872968.458170487,91.38,True
20251031,136562,654330.4533212654,6872993.598761995,62.09,True
20251031,101009,654843.8989847887,6872991.221250525,61.1,True
