20251031,173541,547728.3364432363,6244152.6693619955,292.72,False
20251031,170331,557203.4623685246,6244027.302536885,349.76,False
20251031,69784,543207.7504986221,6244786.735952282,366.10,False
20251031,146598,575397.7152665809,6244389.159696733,318.42,False
20251031,148222,599467.6841788713,6244244.504931401,349.91,False
20251031,7409,555895.6521412485,6245412.946663915,206.65,False
20251031,63536,589054.19208836,6244786.857829937,356.06,False
20251031,186873,553852.6148117429,6245523.628016984,258.76,False
20251031,68596,556693.8915394268,6245459.478093775,299.74,False
20251031,137934,556739.6813483115,6245489.341508906,293.49,False
20251031,69780,591855.895481649,6245047.819840256,313.91,False
20251031,129877,554421.0146836971,6245819.985255469,221.51,False
20251031,31810,608663.6216284118,6245249.552048278,374.31,False
20251031,116822,539857.9169610292,6247093.536165911,422.72,False
20251031,107733,602405.8640079835,6246082.950708954,322.41,False
20251031,103002,553803.9685788933,6247347.073998419,248.23,False
20251031,15004,579327.5497777514,6247000.944386868,235.01,False
20251031,67461,573218.6554199406,6247149.770765994,306.27,False
20251031,151232,596081.0134077858,6246861.800558601,309.02,False
20251031,123364,573266.7961421838,6247303.242603414,306.29,False
20251031,83530,556206.7296647765,6247879.553236095,227.28,False
20251031,82246,557561.9626991506,6247972.829693958,209.84,False
20251031,45415,580449.5127014173,6247906.438419553,267.05,False
20251031,120706,555362.7011798848,6248454.506619129,224.00,False
20251031,128001,565282.150144255,6248330.920109497,302.74,False
20251031,12790,599008.7933319065,6248050.293584943,212.44,False
20251031,11052,579830.5163943929,6248566.5802276675,297.31,False
20251031,131064,564463.8525407901,6249089.427285506,221.10,False
20251031,185331,564441.9686083489,6249120.775618559,220.10,False
20251031,186057,571340.2424462385,6249071.181069789,321.31,False
20251031,148223,600121.9581051362,6248588.7248372985,275.35,False
20251031,14796,602060.3097282858,6248558.801469818,247.69,False
20251031,193245,559466.0630692134,6249444.197158203,306.99,False
20251031,69801,569878.4616245589,6249255.127897279,331.76,False
20251031,12789,598752.9414131971,6248980.798850184,207.80,False
20251031,179769,548483.3557722939,6250312.285801316,321.14,False
20251031,127816,602974.9648507305,6249409.576315233,284.43,False
20251031,148224,602528.0027199782,6249663.415310837,298.62,False
20251031,81814,605256.1332046627,6249715.130048129,212.99,False
20251031,119733,596153.1103488998,6249917.998453526,303.77,False
20251031,118597,543340.7482981929,6251146.409127749,380.21,False
20251031,9445,561117.4373858427,6250736.25885004,340.56,False
20251031,125482,576247.0,6250852.5,191.55,False
20251031,70722,588842.4103023454,6250781.874277618,329.17,False
20251031,59757,606983.589993481,6250708.895675275,226.31,False
20251031,89357,576275.5882239905,6251290.260826043,193.57,False
20251031,67009,584928.6583450248,6251221.58943009,318.93,False
20251031,14797,604484.9071567291,6250900.077385747,200.12,False
20251031,69769,603518.8749946153,6251099.845087573,232.10,False
20251031,100873,577798.6126811493,6251971.33796352,288.48,False
20251031,184856,577710.862894355,6252096.546547533,284.07,False
20251031,67468,579693.7877385109,6252089.868551642,328.28,False
20251031,54125,575395.4393211041,6252388.251694078,231.52,False
20251031,182030,571704.9808967268,6252646.433726126,259.89,False
20251031,130776,571728.7424553265,6252707.725295947,251.81,False
20251031,162769,568959.5133428272,6252825.569306095,329.00,False
20251031,14618,558488.0732987227,6253141.10156629,237.42,False
20251031,184850,588293.2266067389,6252891.434208813,307.70,False
20251031,158727,574039.6047816705,6253341.285663767,212.55,False
20251031,167306,582283.4000223583,6253215.286619217,315.97,False
20251031,72955,598455.0167389332,6252938.379568748,318.55,False
20251031,190399,541213.2253053114,6254441.962898842,354.61,False
20251031,192366,541235.7436350628,6254441.404351075,374.61,False
20251031,119412,541417.4198007411,6254498.674651899,386.15,False
20251031,187006,567360.1755549483,6253939.445418276,336.90,False
20251031,137863,599974.7141068593,6253593.843456555,229.68,False
20251031,14798,608060.8296046987,6253534.374554491,221.57,False
20251031,129402,551561.5103620748,6254718.689719915,269.00,True
20251031,4595,551584.02771828,6254718.167575817,274.10,True
20251031,168125,562234.9381825186,6254480.073339455,313.95,True
20251031,177220,594865.4507819767,6253860.998807475,275.76,False
20251031,132462,552443.9583609193,6254883.599172259,275.54,True
20251031,32958,587873.5767966621,6254659.046988489,301.66,True
20251031,31659,588257.9924535344,6254744.970179508,315.07,True
20251031,176899,561756.8744325567,6255293.374490839,189.84,True
20251031,82247,551896.7549773131,6255575.716920683,223.01,True
20251031,76499,593913.4500774881,6254864.90955726,227.41,True
20251031,98362,564846.7062266408,6255474.453893398,268.38,True
20251031,58725,600449.1503240886,6255130.493166239,286.54,False
20251031,172761,557199.384836284,6255980.247059944,228.43,True
20251031,148593,605970.1195638983,6255355.80664049,294.61,False
20251031,109073,539716.6815611308,6256764.886947545,366.06,False
20251031,165424,568742.6873989747,6256536.055053348,246.61,True
20251031,85858,596049.5965309358,6256034.221359076,199.86,True
20251031,81810,560415.7651383613,6256804.928885638,211.04,True
20251031,96849,595113.6778098756,6256636.229584553,213.68,True
20251031,145050,595204.7314609499,6256696.499439317,200.26,True
20251031,165956,597095.6094119849,6256665.811914137,249.10,True
20251031,61430,596647.3941546488,6256796.558396345,233.69,True
20251031,5238,594802.0822910382,6256857.510552129,193.68,True
20251031,21900,545443.8795904975,6257952.080965257,356.50,False
20251031,58593,559758.0582167762,6257622.297623819,221.56,True
20251031,173943,584134.2505712274,6257134.434046719,298.25,True
20251031,95656,570517.2894746623,6257426.392280446,205.93,True
20251031,76019,584179.8271037512,6257164.490589707,292.20,True
20251031,129881,595305.9942513341,6257312.774795019,181.05,True
20251031,193184,559683.6024284075,6258334.26193786,226.78,True
20251031,129890,552035.6982685621,6258661.006794797,274.18,True
20251031,108058,547539.4896639837,6258923.196548577,320.16,False
20251031,74585,588609.3079581078,6258104.9248207705,279.68,True
20251031,110311,575062.4969686136,6258416.908456967,247.80,True
20251031,56770,548337.2862944056,6259365.323923808,273.93,False
20251031,119587,591767.395854097,6258483.048411164,203.06,True
20251031,124928,562943.4695461382,6259159.212870436,215.03,True
20251031,22852,564386.2019304556,6259251.995223654,328.65,True
20251031,180866,593820.9124358022,6258788.320866507,214.47,True
20251031,96897,602350.5985931072,6258714.186996147,291.59,False
20251031,129299,590697.2230895949,6259087.978979894,208.80,True
20251031,35521,555756.926590689,6259934.919623455,272.75,True
20251031,97425,579297.0529555276,6259725.288824587,259.47,True
20251031,36188,568093.6453165552,6260008.30060147,236.83,True
20251031,130090,571560.3314193089,6260030.388731596,198.02,True
20251031,161844,565848.9590311073,6260302.053328143,257.58,True
20251031,179597,555237.2157172664,6260842.2978904415,250.65,True
20251031,126180,573843.805801689,6260540.076087817,190.84,True
20251031,170361,591077.760869957,6260285.829860194,191.96,True
20251031,148592,607885.2864918092,6260114.300678543,320.53,False
20251031,157926,566966.1197320473,6260989.018249301,234.78,True
20251031,130478,585666.325116587,6260967.021069937,282.25,True
20251031,93224,585688.8204919153,6260966.618901277,277.75,True
20251031,61733,585711.3158686584,6260966.21681175,274.25,True
20251031,129295,572259.9596470767,6261251.661732758,194.03,True
20251031,182448,596533.2493870944,6260874.600669756,215.65,True
20251031,61068,563311.2866197522,6261621.990840731,207.51,True
20251031,167334,566034.2539811261,6261626.125310123,240.16,True
20251031,4146,554996.669536908,6262144.867604812,203.83,True
20251031,174508,560961.6070507283,6262228.5483131455,219.74,True
20251031,190278,561415.4409087613,6262403.992339981,216.60,True
20251031,178350,569537.705482824,6262387.4993740795,200.43,True
20251031,82079,587396.094696982,6262078.906676038,183.33,True
20251031,168764,571541.2162370401,6262439.574646642,200.43,True
20251031,59548,564998.5937040016,6262667.032979527,235.74,True
20251031,32134,570374.8578264114,6262617.526523186,197.10,True
20251031,89058,587535.3878994457,6262323.497864787,168.23,True
20251031,119841,587670.3315409573,6262321.125489995,190.92,True
20251031,189403,566667.9640390484,6262879.056703871,206.27,True
20251031,103957,543956.0720579376,6263424.004814411,356.10,False
20251031,81812,588483.2253660613,6262492.176148375,186.37,True
20251031,103418,566175.7990303619,6263012.869789363,217.88,True
20251031,169035,563680.9381123997,6263127.349902249,189.13,True
20251031,185889,567301.4915446667,6263051.1677344665,214.66,True
20251031,179786,540116.2739233883,6263735.090786581,301.78,False
20251031,61716,587520.5014978356,6262756.083925876,179.17,True
20251031,167574,557726.5471556305,6263473.282975641,219.36,True
20251031,189247,567913.1342608035,6263254.674807401,203.38,True
20251031,79776,564225.268326381,6263448.728389788,192.16,True
20251031,122341,554089.3851265478,6263802.340413699,252.17,True
20251031,129882,584737.0545723342,6263176.957708554,190.68,True
20251031,153566,564478.4827102517,6263604.510248687,183.97,True
20251031,61023,564515.9455785223,6263607.284571226,178.80,True
20251031,90756,571584.1714253569,6263457.808677465,173.18,True
20251031,124441,547122.7492071919,6264063.809882015,285.58,False
20251031,39375,576534.2454122339,6263514.686764128,329.52,True
20251031,61722,579637.3847401947,6263455.501972507,321.58,True
20251031,83848,568035.7678274908,6263746.253655513,204.13,True
20251031,51158,564868.5779987744,6263966.838544301,179.36,True
20251031,101515,565611.8760905717,6264012.931335862,195.82,True
20251031,55903,559138.4051303373,6264244.968977789,213.58,True
20251031,104624,564287.2503979763,6264133.566669317,194.02,True
20251031,4352,595317.4778745478,6263580.920742734,313.50,True
20251031,127329,564788.7,6264206.9,189.20,True
20251031,120546,578747.8765632779,6263997.287793717,289.16,True
20251031,78003,563371.3371872092,6264431.021095421,203.88,True
20251031,129956,563506.236350454,6264428.138687747,177.27,True
20251031,124005,569735.4045932143,6264359.905251391,196.77,True
20251031,29944,569915.2721565999,6264356.241776384,194.13,True
20251031,113635,548579.9722161902,6264857.00273409,298.35,False
20251031,178331,580415.7925746992,6264182.02876818,289.96,True
20251031,159376,562025.0145338594,6264583.473883366,221.39,True
20251031,34301,584778.2851493739,6264132.775702009,187.11,True
20251031,120897,594761.4233031708,6263960.604612137,292.18,True
20251031,149560,580371.9800360139,6264244.609884809,277.55,True
20251031,74939,584444.3705664518,6264324.085443751,183.04,True
20251031,34355,600700.3442841858,6264050.853566837,304.11,False
20251031,174507,571427.8771691847,6264634.44832044,188.79,True
20251031,48099,564954.2965627476,6264829.7263379935,204.78,True
20251031,174932,564935.6542946838,6265015.111426329,207.06,True
20251031,161474,568153.0955890772,6265071.7492149575,194.44,True
20251031,139079,555228.934524301,6265444.118951195,233.44,True
20251031,124007,555230.3331317902,6265505.853225899,243.29,True
20251031,163221,544193.9180079871,6265796.306386149,358.57,False
20251031,5262,564110.4924951681,6265341.725962735,176.72,True
20251031,90389,564267.8524319421,6265338.3816319695,194.35,True
20251031,23522,583017.8572461654,6265029.402321727,184.17,True
20251031,179508,572747.8458248698,6265410.940999018,253.96,True
20251031,35929,569018.1288420067,6265578.946540921,191.86,True
20251031,185797,565062.4755470632,6265692.135617162,194.63,True
20251031,57547,569783.6789871431,6265625.063055767,188.70,True
20251031,25794,569739.9795379099,6265687.716466195,186.70,True
20251031,87155,565673.2959702923,6265864.556619531,193.35,True
20251031,179509,564326.576516328,6265985.6552904,199.94,True
20251031,84885,564933.4755630912,6265972.797601949,195.37,True
20251031,3273,565721.4957597875,6266017.952209007,187.05,True
20251031,155358,593013.5524835059,6265687.987291227,290.29,True
20251031,190428,593014.0693486364,6265718.85782681,294.49,True
20251031,183767,567030.3389057409,6266237.633239423,191.15,True
20251031,115739,570315.1067034082,6266324.524422498,180.78,True
20251031,96761,566564.127879503,6266525.286619647,189.09,True
20251031,176207,542319.8306954585,6267324.724485419,284.07,False
20251031,87593,549174.1879479551,6267159.219811689,289.86,True
20251031,71733,582459.4732278702,6266460.133376911,191.79,True
20251031,120946,549152.443188838,6267190.616574107,292.36,True
20251031,140518,581224.4403988007,6266544.733700428,187.40,True
20251031,96947,564459.2666138242,6266940.173941186,186.21,True
20251031,127261,561584.5684670659,6267094.455875739,207.22,True
20251031,164088,576305.8721508865,6266823.348995322,283.79,True
20251031,88409,561609.716984295,6267217.438791965,202.86,True
20251031,62328,568015.338376624,6267112.769479517,204.58,True
20251031,166388,570106.0322289754,6267100.799606355,185.64,True
20251031,177655,563478.9719112619,6267362.50942687,210.68,True
20251031,76495,584090.6345438982,6267140.567789655,218.20,True
20251031,85857,583147.3068597269,6267188.632511524,174.70,True
20251031,50462,568296.4791494402,6267662.82859411,189.36,True
20251031,129930,578588.73910967,6267458.922656102,273.69,True
20251031,190287,578589.9124822862,6267520.660619224,283.01,True
20251031,129894,588615.942009779,6267523.254827803,284.86,True
20251031,165288,566596.3616464837,6268068.682189919,192.87,True
20251031,79036,580731.7060460686,6267850.8722594315,184.02,True
20251031,175055,585315.8526567487,6267766.9253793005,221.68,True
20251031,120058,552712.8326544513,6268497.265413804,236.76,True
20251031,161804,568553.8328728621,6268151.6245811535,174.94,True
20251031,157966,585406.8460444531,6267827.051253492,214.00,True
20251031,151090,578845.8904543229,6267979.0015587965,270.49,True
20251031,184516,568712.3925431196,6268210.125542366,185.05,True
20251031,8603,564040.6612010004,6268400.502504726,224.16,True
20251031,61719,570916.321428521,6268257.848283133,178.34,True
20251031,190542,567120.887186167,6268428.32261798,187.37,True
20251031,181484,558292.0198056805,6268679.867382255,210.11,True
20251031,61725,571638.4552305307,6268397.698591908,237.04,True
20251031,185582,583303.0154088436,6268328.332865868,188.87,True
20251031,90720,557891.7125416911,6268874.053773446,185.66,True
20251031,179851,563373.8485908064,6268754.427306392,207.57,True
20251031,90304,593595.7264005945,6268241.2144228965,282.54,True
20251031,86064,563803.3734811901,6268868.77895033,217.98,True
20251031,129866,566681.1701349518,6268900.702053234,190.70,True
20251031,49523,576794.074189708,6268821.131128807,302.50,True
20251031,31366,574637.7836313759,6268893.971950451,274.49,True
20251031,117222,582952.5555124965,6268828.817560669,187.72,True
20251031,135305,582931.2194574988,6268890.967518808,190.41,True
20251031,98947,561747.0552245618,6269407.065310635,204.12,True
20251031,186092,574822.9688848814,6269168.261458355,277.25,True
20251031,188529,565321.0732913709,6269423.336362055,196.33,True
20251031,147297,580577.9123870011,6269243.333690784,188.08,True
20251031,52619,554294.1784109242,6269819.819335025,248.39,True
20251031,42138,567975.8576644146,6269553.18623318,197.50,True
20251031,174381,568268.541748895,6269578.022801747,171.95,True
20251031,62599,552614.3530685597,6270074.546051081,258.79,True
20251031,76768,569372.4898290029,6269709.749083849,177.11,True
20251031,20718,564206.3271606138,6269848.397815809,195.72,True
20251031,131456,569395.5857576339,6269740.157288682,184.91,True
20251031,155388,547494.2348293249,6270256.544110407,347.12,False
20251031,39088,568184.4159857836,6269857.685283214,194.73,True
20251031,79772,570047.5011466297,6269851.659858436,173.03,True
20251031,181546,552910.6426453076,6270253.00815567,228.31,True
20251031,175989,566434.8038427632,6270017.564265288,183.54,True
20251031,39776,574949.8092275272,6269906.898557774,303.15,True
20251031,61718,583441.8445655113,6269777.128277121,189.78,True
20251031,123037,566168.4762476127,6270177.544835253,180.62,True
20251031,110259,575446.4243508137,6270020.712545765,296.99,True
20251031,42851,571111.6160953492,6270137.617012619,185.72,True
20251031,59137,577739.4849445586,6270069.03647485,263.33,True
20251031,120094,577762.539212048,6270099.474809312,272.13,True
20251031,138197,569790.7013858577,6270380.579050501,185.70,True
20251031,56936,579720.3362703518,6270247.574059375,178.00,True
20251031,189562,566850.7341032,6270564.731608243,185.32,True
20251031,42846,580194.370597901,6270362.180088026,182.68,True
20251031,111764,569144.3574174994,6270640.835990858,167.76,True
20251031,87609,569413.8936576057,6270635.317720439,178.34,True
20251031,69269,606458.2886227074,6270232.195831584,300.74,False
20251031,24302,582874.1926767831,6270683.011114378,234.46,True
20251031,151435,576383.5665344482,6270836.2557391785,269.73,True
20251031,130235,580516.3528784291,6270757.578387339,182.45,True
20251031,88978,582874.7589356406,6270713.879824747,228.16,True
20251031,150136,581729.8172032333,6270765.864640264,190.80,True
20251031,89690,571802.864486205,6270988.347344409,153.03,True
20251031,133764,581707.9282055371,6270797.149330119,186.87,True
20251031,177219,561090.9153904616,6271274.185453748,197.77,True
20251031,191428,573489.2129610131,6271047.349693065,242.14,True
20251031,187247,550402.0226496023,6271577.469268489,237.20,True
20251031,12084,568302.9254627334,6271244.865099436,167.04,True
20251031,190713,554940.6898945565,6271565.373734121,244.01,True
20251031,179944,569583.7341131179,6271249.453328201,185.17,True
20251031,12901,574008.8371415124,6271191.473771615,282.60,True
20251031,42146,566014.0371002385,6271385.132814667,216.15,True
20251031,192326,574054.3648911652,6271221.455325753,283.10,True
20251031,166224,554875.4206235206,6271659.502565625,243.57,True
20251031,54173,554921.0375947943,6271689.347527034,242.38,True
20251031,91503,570821.4909699032,6271347.809753739,181.61,True
20251031,169392,569070.3380788662,6271414.362964853,193.14,True
20251031,61717,577470.566211604,6271278.495870126,218.75,True
20251031,147790,571026.1151128096,6271467.193127081,187.10,True
20251031,133758,585085.9534314733,6271229.5196850635,263.03,True
20251031,79778,569231.3421492074,6271596.344701028,179.76,True
20251031,190150,585109.5237172069,6271290.853048862,264.35,True
20251031,47087,567998.7085800386,6271745.234187439,176.82,True
20251031,169538,557377.207943284,6272004.580002143,189.53,True
20251031,58876,556726.6616061705,6272050.029217784,233.49,True
20251031,83238,570873.9508527764,6271751.050170556,155.92,True
20251031,151521,584282.4562495153,6271521.9421176575,259.80,True
20251031,48401,582959.686072466,6271669.57128453,203.82,True
20251031,61721,577346.487037441,6271836.70856897,208.51,True
20251031,98776,556934.9951856902,6272323.289971152,212.37,True
20251031,106553,557033.8,6272328.9,234.49,True
20251031,176459,567355.139752394,6272129.13851328,196.62,True
20251031,119559,567444.9641975791,6272127.272648644,187.24,True
20251031,87739,567378.2371502984,6272159.538946482,180.12,True
20251031,183900,566166.9097976801,6272246.581212977,196.14,True
20251031,178454,577080.5677830186,6272027.099729566,206.84,True
20251031,68654,565561.2567249064,6272290.188534965,194.71,True
20251031,77350,587523.5286081174,6271865.438006839,247.96,True
20251031,132820,565606.8176779445,6272320.109637639,195.66,True
20251031,148261,570614.4207918318,6272216.6451043645,179.81,True
20251031,111238,577123.2013715572,6272092.091720216,192.65,True
20251031,155298,587434.2447954381,6271897.890194201,245.16,True
20251031,42850,577734.7621126625,6272168.932946831,198.59,True
20251031,77362,582091.2480438016,6272086.978124643,227.87,True
20251031,91256,577151.5015090375,6272211.010428572,190.02,True
20251031,97961,582092.3883698764,6272148.714848739,231.73,True
20251031,114764,568215.4830181197,6272451.001609793,201.98,True
20251031,47088,577197.6008228807,6272271.882081757,178.72,True
20251031,176901,580725.5700169102,6272207.097980191,159.37,True
20251031,7251,570169.6998728793,6272441.83479689,175.89,True
20251031,143307,571719.0992341415,6272410.508956045,184.91,True
20251031,139738,580118.0560879462,6272284.970983429,173.89,True
20251031,21581,575200.868450797,6272403.246054047,332.94,True
20251031,48793,547089.0692582984,6273045.678570377,347.84,False
20251031,60842,566421.6740272571,6272611.809574262,183.42,True
20251031,140973,579580.2328255655,6272350.006333107,160.04,True
20251031,47393,571699.746310849,6272565.297063638,164.93,True
20251031,34561,598177.1783365486,6272242.417115736,326.32,True
20251031,136949,597593.8255487463,6272282.626511029,321.93,True
20251031,91144,579832.4717217204,6272623.164158031,169.53,True
20251031,145975,557785.1044343129,6273168.969025297,224.84,True
20251031,124620,570179.1172040497,6272904.842490575,177.84,True
20251031,84764,579857.8311926812,6272777.0817349665,181.39,True
20251031,56632,557832.0719637527,6273260.5661611,224.86,True
20251031,7882,571595.546210896,6272968.829572437,161.31,True
20251031,84194,579881.4468441436,6272838.395201927,181.41,True
20251031,44457,578325.2,6272880.3,156.09,True
20251031,167475,570678.0953891058,6273141.751697431,176.41,True
20251031,125478,571935.440455018,6273116.39921298,172.87,True
20251031,136310,580265.4747377306,6272954.695324995,182.03,True
20251031,165243,580040.8587792801,6273006.026912401,157.18,True
20251031,178644,569624.7191129602,6273255.821922129,177.56,True
20251031,86125,579975.3246410377,6273052.781708339,160.06,True
20251031,168964,570837.7619326413,6273262.037641715,180.49,True
20251031,1011,576944.7974899585,6273141.369994678,187.85,True
20251031,169537,556222.4769266949,6273605.4362556795,234.78,True
20251031,121529,571871.8006123803,6273302.95449643,167.89,True
20251031,176870,579281.0382594962,6273158.512503449,195.24,True
20251031,42765,570819.0584842837,6273447.69468582,169.93,True
20251031,98966,564061.8972983579,6273618.924960374,192.43,True
20251031,110683,569831.8249323458,6273498.633425615,179.88,True
20251031,36536,553870.7948212515,6273905.901875199,238.47,True
20251031,137991,555622.5874845963,6273896.910928768,228.33,True
20251031,118256,563839.3643547181,6273716.310112337,193.91,True
20251031,48790,572348.2316721561,6273540.444358267,165.58,True
20251031,53165,578589.7095465028,6273418.65784494,183.61,True
20251031,132014,579826.8731915762,6273518.758263811,182.76,True
20251031,179063,570646.3288913484,6273790.870122917,184.96,True
20251031,81301,563754.8341227121,6273965.157333972,192.12,True
20251031,83953,576326.8939087501,6273709.138584887,180.57,True
20251031,44498,577112.6640877991,6273693.959756961,162.48,True
20251031,156977,577202.4665128194,6273692.2311940305,179.49,True
20251031,170813,581468.1093909396,6273611.580021356,210.31,True
20251031,156268,558008.4667356897,6274121.308950126,238.85,True
20251031,191736,575384.5749037656,6273758.348335241,242.64,True
20251031,193081,578976.654726396,6273689.21878973,164.77,True
20251031,1111,576302.0785912069,6273769.694284102,178.76,True
20251031,61720,579650.7560981459,6273707.349926143,179.95,True
20251031,113898,575543.1851087189,6273817.619818708,235.54,True
20251031,9422,568471.8419131404,6273989.715018927,174.51,True
20251031,142952,579315.165386054,6273775.444962759,186.02,True
20251031,157519,570245.9900299154,6273984.275422907,183.21,True
20251031,139632,577160.5360743224,6273847.433339529,179.86,True
20251031,192440,578148.3403278878,6273828.49605583,177.73,True
20251031,112371,571256.8455515822,6273994.681951281,190.48,True
20251031,28585,576173.3336967033,6273897.391014483,179.51,True
20251031,177389,577138.6802754151,6273878.733093537,178.98,True
20251031,120110,579384.266557081,6273866.775040418,190.28,True
20251031,145683,562615.2203595849,6274236.633089186,191.75,True
20251031,125879,542907.4732292048,6274753.135055395,246.60,False
20251031,190828,556331.0434948374,6274436.7832225645,228.77,True
20251031,150166,577612.4975597557,6273993.14460915,155.32,True
20251031,77086,549709.6919244104,6274620.178570367,277.26,True
20251031,130609,556309.2905343839,6274468.154116927,229.40,True
20251031,45367,567959.9731251106,6274216.444706791,186.67,True
20251031,35645,581430.0898870712,6273982.8298158,233.19,True
20251031,175408,550541.6908237012,6274662.400391844,274.95,True
20251031,42844,567849.007754332,6274280.501469954,192.76,True
20251031,154902,567893.9048373045,6274279.5718542915,194.64,True
20251031,189602,552764.6844690517,6274641.601049199,235.31,True
20251031,36007,570431.2273108354,6274258.42857556,183.36,True
20251031,173164,571353.4888060547,6274332.407945514,178.00,True
20251031,101115,575103.5,6274283.0,229.98,True
20251031,124911,571085.3557946488,6274399.57819561,177.76,True
20251031,168639,557999.0684558388,6274708.2555012815,229.68,True
20251031,123507,572185.9338909315,6274408.318437099,170.89,True
20251031,163007,565856.2852628219,6274569.1204788145,182.87,True
20251031,81039,571176.3945829845,6274459.498674872,165.10,True
20251031,85321,574521.7577077358,6274423.718452471,280.66,True
20251031,167189,578742.0156163046,6274342.128331562,175.57,True
20251031,153030,564869.9031096511,6274651.692950621,195.06,True
20251031,121219,573287.7310206585,6274478.98272962,178.55,True
20251031,76918,574544.8126022762,6274454.144315767,305.10,True
20251031,116883,564870.5567671792,6274682.559225932,192.26,True
20251031,174385,576409.7895651608,6274510.387969609,160.00,True
20251031,174384,577287.27485264,6274490.486920046,152.79,True
20251031,104363,554434.9413109894,6275004.736251768,230.05,True
20251031,42136,566736.2524943931,6274766.841766322,182.35,True
20251031,193916,575019.24233855,6274599.230074597,257.39,True
20251031,50634,575085.2596082754,6274597.857274495,265.57,True
20251031,90257,578992.4594040686,6274522.646696132,172.16,True
20251031,50133,567949.0224375507,6274772.508183024,181.04,True
20251031,153858,580564.3789742526,6274523.909916012,204.04,True
20251031,145157,561125.9410891891,6274948.241422782,192.33,True
20251031,50636,574930.6626984683,6274662.723826619,270.82,True
20251031,174380,569881.7169274401,6274796.868894305,170.19,True
20251031,151247,578411.1727422279,6274657.211433042,163.29,True
20251031,176898,560002.727153908,6275062.702492439,197.45,True
20251031,111606,578928.6304406282,6274709.129678364,168.27,True
20251031,154897,566628.5346793979,6274985.251598115,194.82,True
20251031,47385,570489.9077997865,6274936.587370888,185.86,True
20251031,112749,548314.5914179204,6275456.119513827,344.57,False
20251031,119297,560210.3824010184,6275184.397929476,221.45,True
20251031,179305,570333.5994956811,6274970.5337047605,188.10,True
20251031,48971,560188.6133911123,6275215.755429591,198.14,True
20251031,50470,574509.629929725,6274948.902043155,263.61,True
20251031,169983,576956.2736439897,6274901.252441522,153.96,True
20251031,76764,574600.0213347798,6274978.00399093,264.95,True
20251031,96339,578730.7138253291,6274929.038831266,168.89,True
20251031,68521,580481.5265235378,6274896.003717696,168.14,True
20251031,100556,561605.345582269,6275308.389871806,196.19,True
20251031,192063,561784.9050282363,6275304.497590118,195.39,True
20251031,97910,569550.9539008362,6275140.99198332,186.08,True
20251031,52691,577564.1027291336,6274982.196539122,168.03,True
20251031,182217,580998.3692212617,6274917.222029559,180.55,True
20251031,116619,569529.1395672516,6275172.317551494,180.71,True
20251031,103611,569551.5849706384,6275171.858614615,180.10,True
20251031,165456,572132.8170573122,6275119.607534768,168.60,True
20251031,48800,574556.9497320524,6275071.487792975,261.35,True
20251031,127259,574916.0820470994,6275064.437271198,229.92,True
20251031,68433,577519.8031113559,6275013.925513567,169.10,True
20251031,77728,580079.8125924225,6275027.055075458,174.41,True
20251031,76548,570382.7393824145,6275248.242877864,190.33,True
20251031,176446,564616.2554387997,6275398.19132581,193.21,True
20251031,91504,571259.9315996143,6275260.677583437,170.72,True
20251031,39778,570250.5317915995,6275312.00414508,190.20,True
20251031,141243,571193.8426165183,6275323.770120595,177.13,True
20251031,82245,562957.3480307085,6275526.24846252,172.58,True
20251031,102738,570498.6789286524,6275368.721467792,189.06,True
20251031,1160,540694.3941296837,6276074.197439488,173.87,False
20251031,151412,575616.7160445964,6275297.771926641,186.56,True
20251031,119317,578220.3418336235,6275247.546057361,169.97,True
20251031,116467,580419.9725447794,6275205.94181628,177.35,True
20251031,34599,591059.1986115345,6275015.417230679,285.88,True
20251031,159541,572115.9396852271,6275397.85905862,168.55,True
20251031,95094,575976.4356348444,6275321.648250677,185.50,True
20251031,133808,577996.480770278,6275282.701410857,176.23,True
20251031,77349,573395.897470296,6275403.211314874,170.54,True
20251031,99395,576919.7172825998,6275334.2607482355,167.43,True
20251031,156233,582778.4368338657,6275254.810787951,212.37,True
20251031,82792,571220.1674142716,6275509.233185293,175.16,True
20251031,183500,578761.371771538,6275360.756934167,164.49,True
20251031,126548,565789.2211090361,6275651.328391965,187.78,True
20251031,94113,577819.2851406296,6275409.6068679355,174.29,True
20251031,190323,563904.6131575889,6275722.132071658,198.57,True
20251031,153567,569897.0783767455,6275597.116711158,178.05,True
20251031,47387,571984.3687649542,6275554.8937228685,168.53,True
20251031,100051,574229.3907957346,6275541.121568383,239.84,True
20251031,47392,565476.961717243,6275750.5443820255,182.74,True
20251031,150274,567788.6374494389,6275702.220362326,185.44,True
20251031,166578,569673.9004252476,6275663.430578012,172.10,True
20251031,185217,571087.9884654459,6275642.303711132,192.44,True
20251031,119860,574946.7388193822,6275586.904567972,174.98,True
20251031,173122,575402.9928654438,6275574.779440515,171.19,True
20251031,174379,575981.2357378735,6275568.585608436,153.56,True
20251031,182504,568104.7615247006,6275788.315846406,172.29,True
20251031,104308,543802.0205384879,6276429.704592023,238.43,False
20251031,145870,578093.9283106811,6275682.260853559,170.61,True
20251031,130811,569880.3003950854,6275875.373369602,179.65,True
20251031,21023,572030.5,6275814.5,185.62,True
20251031,68647,569836.0443034922,6275907.155523776,179.65,True
20251031,17222,569723.1224185113,6275936.030494215,173.58,True
20251031,81813,572529.8106589504,6275883.643133722,171.86,True
20251031,94451,572933.7831186592,6275875.584355463,172.44,True
20251031,68522,573607.071682889,6275862.209902928,164.89,True
20251031,176900,576645.3,6275796.0,152.41,True
20251031,50471,561870.9525822185,6276167.280749642,212.53,True
20251031,146439,571588.452831407,6275964.279769255,175.33,True
20251031,70908,571254.6512365636,6276031.860590391,192.10,True
20251031,113764,574888.7451547736,6275960.462130424,174.18,True
20251031,42143,563623.4056732478,6276222.216974506,179.80,True
20251031,60461,573565.244426717,6276017.43358648,144.81,True
20251031,192925,573588.2984865489,6276047.855685017,170.35,True
20251031,140193,573857.6064699629,6276042.5250069685,174.58,True
20251031,164827,571345.3190729864,6276154.453335491,177.37,True
20251031,2955,571616.2,6276148.5,175.05,True
20251031,118205,571346.5640479367,6276216.186533593,170.69,True
20251031,84794,570539.2891833517,6276263.397187709,188.36,True
20251031,174556,574174.8434308439,6276190.654625847,183.13,True
20251031,158842,576104.845699135,6276152.8800919475,167.60,True
20251031,151378,578371.4907359986,6276109.2625159,172.86,True
20251031,104947,570472.9706934459,6276295.624380536,186.61,True
20251031,189447,571574.0738840719,6276278.383881715,171.17,True
20251031,136095,578753.593418733,6276132.867414219,164.82,True
20251031,142686,574108.655655342,6276253.764282673,182.24,True
20251031,189583,558355.8194199812,6276614.925925451,232.27,True
20251031,187155,558334.0645572395,6276646.289479172,232.45,True
20251031,85192,569645.2800732119,6276412.0311355395,163.97,True
20251031,102506,575784.3112302852,6276289.225683811,176.87,True
20251031,100583,568612.4992755398,6276457.187001596,187.09,True
20251031,129865,575720.3657298884,6276337.076741072,176.86,True
20251031,46893,575796.0784094853,6276346.551471712,174.66,True
20251031,99482,577500.8147281071,6276305.615728387,179.18,True
20251031,47086,575749.9830754568,6276375.93261839,176.86,True
20251031,182992,564193.6486793868,6276642.369934047,172.72,True
20251031,134023,572451.7652396695,6276471.904802584,160.39,True
20251031,68643,577500.9916039549,6276372.94668981,179.18,True
20251031,172715,560693.667306361,6276748.724284232,219.96,True
20251031,81550,574845.3,6276446.4,171.84,True
20251031,69063,578151.5954465283,6276390.211693809,183.78,True
20251031,5999,597609.3586042109,6276049.389515747,297.39,True
20251031,169840,563364.6835620282,6276721.832022823,196.19,True
20251031,68513,570927.0599934338,6276567.696373662,165.85,True
20251031,101410,563342.9048610872,6276753.178442609,197.30,True
20251031,57925,568436.7918792765,6276646.084644232,177.62,True
20251031,100798,569177.3199612428,6276630.854598517,171.69,True
20251031,191575,570994.987253029,6276593.836231957,170.26,True
20251031,184297,577145.4,6276471.0,180.01,True
20251031,42763,572476.6742986401,6276594.922692854,163.57,True
20251031,177558,573912.8617720038,6276566.3591905525,178.12,True
20251031,50456,574855.9708519191,6276578.680655992,177.05,True
20251031,20531,597364.4797224913,6276176.831643028,308.79,True
20251031,50002,565903.0043101283,6276791.485105189,183.28,True
20251031,21563,568192.5007623343,6276774.645217893,178.65,True
20251031,83000,576428.6003313285,6276640.658404525,174.70,True
20251031,51049,573826.1537199795,6276722.482041192,193.83,True
20251031,101375,566309.5069631069,6276906.470664812,181.35,True
20251031,164890,575596.7,6276722.9,164.80,True
20251031,175417,577574.2392248024,6276680.325261995,182.96,True
20251031,69159,565031.7756501972,6276995.137825692,172.61,True
20251031,133447,566378.1180574248,6276966.792068942,181.70,True
20251031,34388,570237.6657439799,6276887.109193359,183.38,True
20251031,1013,575600.7204552509,6276780.264076417,163.86,True
20251031,89044,570282.3429501022,6276915.891376908,183.05,True
20251031,166569,572011.0003143995,6276882.1598229455,182.05,True
20251031,133634,574215.6117633475,6276836.626466378,163.69,True
20251031,176188,574569.1007264666,6276831.344772226,162.63,True
20251031,152593,578249.2102827703,6276760.041912498,172.96,True
20251031,46892,574684.2902082478,6276861.082900692,181.63,True
20251031,4728,571508.8512306875,6276957.621619345,203.83,True
20251031,166797,580494.356072013,6276779.34119413,170.30,True
20251031,139979,567794.3429878447,6277060.799278455,172.52,True
20251031,165400,569494.8504032982,6277036.577957021,175.24,True
20251031,94284,575151.2,6276927.6,168.63,True
20251031,87851,580069.1618090788,6276849.077618467,177.59,True
20251031,190892,569658.6578192519,6277115.068411411,178.63,True
20251031,89289,586488.0181635389,6276793.378835576,268.98,True
20251031,76769,572755.8112313031,6277083.410734133,173.36,True
20251031,141754,572938.9393648249,6277079.062938251,186.64,True
20251031,102485,575740.1694429283,6277024.574702649,184.45,True
20251031,114891,586443.6882807461,6276825.045437215,276.78,True
20251031,42144,560527.64710241,6277369.954707312,215.50,True
20251031,68652,572128.1476114015,6277126.8416802995,180.10,True
20251031,69056,550588.6549847005,6277625.918529854,341.01,True
20251031,170624,574219.7551123272,6277121.147637481,175.07,True
20251031,91946,575001.5017025709,6277131.643154738,149.96,True
20251031,41381,571393.5014162494,6277232.77158022,219.43,True
20251031,138501,572354.3860768245,6277214.946796529,159.04,True
20251031,141623,576664.2,6277124.0,174.05,True
20251031,6145,566431.3990790386,6277367.1093003135,171.12,True
20251031,1012,574800.7669156162,6277197.337334458,172.38,True
20251031,47089,576037.0717152247,6277175.372292472,166.69,True
20251031,181536,571121.5338982228,6277301.495983721,171.51,True
20251031,51048,574196.1515549305,6277270.991073642,175.72,True
20251031,169358,574800.7499064514,6277259.716168052,166.98,True
20251031,90591,590688.498235088,6276967.0318279285,279.66,True
20251031,50003,574147.2920146113,6277304.804941634,174.98,True
20251031,47722,574421.7472614897,6277328.302768829,178.03,True
20251031,190309,569553.4090619863,6277456.8903647065,175.32,True
20251031,80918,574265.291047931,6277362.263700123,173.86,True
20251031,37670,577653.7700945179,6277289.658796402,213.15,True
20251031,29015,560691.4525245477,6277675.1751346225,221.42,True
20251031,157621,571996.0,6277444.9,160.08,True
20251031,41921,566151.3599751497,6277627.22967788,169.08,True
20251031,79775,566275.9546873922,6277622.595373304,174.63,True
20251031,136115,575074.9,6277441.2,168.23,True
20251031,48797,575437.0560251583,6277429.574700211,181.62,True
20251031,68660,576645.4866910006,6277408.422288265,180.56,True
20251031,93023,573078.5356068234,6277509.253141529,179.64,True
20251031,23352,584454.3989880986,6277293.057487982,275.19,True
20251031,182771,571890.0037086087,6277563.924544313,161.65,True
20251031,47727,578244.722651417,6277436.246448484,191.72,True
20251031,183456,576041.4734581179,6277512.7678404525,176.04,True
20251031,178296,574538.7937478992,6277573.028113858,172.77,True
20251031,154413,575950.9284066639,6277543.0077160755,172.95,True
20251031,100762,558184.0550560349,6277977.477381231,228.24,True
20251031,140329,574560.7772161848,6277670.71724214,165.29,True
20251031,105749,576761.8493439461,6277622.321420819,186.98,True
20251031,193824,575388.0462586409,6277684.080698398,178.88,True
20251031,189019,569042.0245465797,6277857.192412876,171.30,True
20251031,76909,570571.2352348117,6277837.581347941,191.30,True
20251031,138056,573802.650286612,6277803.701473995,162.61,True
20251031,34631,567229.0996924292,6277967.574511041,170.54,True
20251031,42754,577056.5027100471,6277771.026305325,221.89,True
20251031,63971,580691.7741333101,6277732.864744365,192.30,True
20251031,167462,575374.6918796169,6277864.933540006,168.25,True
20251031,179850,580557.7338597976,6277766.251539079,197.41,True
20251031,46003,580692.3515515144,6277763.731882986,195.30,True
20251031,35925,583362.2800072888,6277714.345727748,246.15,True
20251031,149409,565302.0733455997,6278101.086949213,212.01,True
20251031,109585,565638.6000272834,6278093.988130215,176.33,True
20251031,92451,575668.508012797,6277890.723878428,185.73,True
20251031,93243,580670.492792548,6277795.018759007,203.02,True
20251031,73036,564876.4607231112,6278140.969878591,222.55,True
20251031,190463,567972.5009100484,6278076.123943941,166.41,True
20251031,40091,572571.7482676639,6277982.569596476,159.38,True
20251031,80474,569790.3866174369,6278069.628299458,167.20,True
20251031,94387,567278.2955875102,6278152.291559927,172.97,True
20251031,86538,567298.4625598098,6278152.209102877,173.47,True
20251031,135192,568939.1833386373,6278111.269167221,167.74,True
20251031,158355,573246.0414082115,6278030.889769578,158.33,True
20251031,68525,574681.9067886667,6278002.513750656,168.96,True
20251031,139488,607573.791893315,6277441.0412076,279.57,False
20251031,122890,590612.5068942108,6277771.139604272,277.87,True
20251031,117006,574975.383042603,6278089.389091374,168.30,True
20251031,119913,575693.3083379628,6278075.355346144,169.15,True
20251031,46894,572194.7517924348,6278173.544422163,192.46,True
20251031,81991,573902.5931184245,6278140.1854982935,143.86,True
20251031,129909,574349.934150227,6278132.551384646,163.52,True
20251031,128778,574591.2467589511,6278155.507313438,168.16,True
20251031,6796,575624.063418779,6278137.400683837,168.92,True
20251031,179954,570983.8260593486,6278261.525381609,167.89,True
20251031,37017,550390.3553791151,6278742.285575175,334.59,True
20251031,89860,575605.9758533203,6278200.571589983,164.19,True
20251031,185021,578028.9377349524,6278153.771173772,168.90,True
20251031,68505,567754.5498181628,6278389.430999022,171.24,True
20251031,140015,572555.4810868141,6278291.681225156,165.36,True
20251031,6194,573515.0241452985,6278275.776169107,176.48,True
20251031,4207,574327.8058875378,6278256.509415919,167.10,True
20251031,157170,563851.7029615751,6278502.439229688,207.74,True
20251031,87755,570560.0761655956,6278393.6273772335,171.93,True
20251031,103942,572128.5616739604,6278359.870347836,189.68,True
20251031,134698,575405.8722971163,6278297.112891793,185.52,True
20251031,24289,548800.5554094417,6278903.307175491,304.80,False
20251031,109958,548822.987687911,6278902.775318628,321.95,False
20251031,985,576505.757956164,6278306.59745649,194.26,True
20251031,85859,571548.4202521524,6278435.400757883,159.58,True
20251031,47725,575362.2099993991,6278359.722760437,185.84,True
20251031,69510,577022.9394717535,6278358.359761255,268.26,True
20251031,76547,572761.2416732744,6278472.186276064,167.95,True
20251031,113761,573456.5344465048,6278459.0093800295,187.23,True
20251031,191325,574306.5911536985,6278442.480313598,164.05,True
20251031,138019,578033.0701021198,6278369.838810736,167.71,True
20251031,84998,594051.4240887061,6278083.606204137,269.37,True
20251031,92373,574287.1960860073,6278473.458895079,166.45,True
20251031,16811,563833.8827680689,6278718.976034279,226.35,True
20251031,40095,571285.9,6278564.7,179.59,True
20251031,98526,573072.6841670694,6278525.426139191,174.74,True
20251031,46396,574646.7436535143,6278497.259642421,167.71,True
20251031,182492,574848.6470698245,6278493.294077871,163.83,True
20251031,2956,574310.5,6278534.5,170.88,True
20251031,42761,574871.6864383288,6278523.720327323,162.73,True
20251031,114108,567200.1260322542,6278709.743567333,187.62,True
20251031,43031,574109.5538374276,6278569.598527911,182.14,True
20251031,76502,575207.4405374642,6278545.555256964,178.79,True
20251031,156770,576173.4379297106,6278529.189095805,192.63,True
20251031,191389,561973.9599880723,6278851.601340952,216.66,True
20251031,29501,567873.7550496347,6278726.629773362,186.50,True
20251031,166245,571178.3,6278652.1,187.67,True
20251031,179852,570726.7414091754,6278698.859527146,190.30,True
20251031,12379,570611.8333752947,6278732.243576675,187.80,True
20251031,128917,579360.7753331994,6278560.729781233,176.19,True
20251031,39767,572386.0322175766,6278721.160805991,176.22,True
20251031,77353,569244.696529755,6278821.8874102365,179.96,True
20251031,89677,570119.567751879,6278804.008322233,173.08,True
20251031,40100,572362.8384273001,6278758.712963554,176.23,True
20251031,133908,570994.7888376197,6278817.124353672,170.54,True
20251031,177177,572747.8987141798,6278768.495883506,174.75,True
20251031,164506,575706.5442095743,6278754.419809674,188.30,True
20251031,166943,556684.8036784166,6279184.441829776,219.51,True
20251031,101507,573329.2891076533,6278832.07741711,171.19,True
20251031,42845,574675.2436058488,6278805.482981758,165.85,True
20251031,68649,575370.6556212795,6278791.853832324,177.60,True
20251031,42197,574002.8755365027,6278849.611018593,147.02,True
20251031,89847,574339.2614387914,6278843.680205542,170.62,True
20251031,47091,574653.6567996978,6278836.744943861,167.10,True
20251031,170648,574675.8502297708,6278836.349376562,163.55,True
20251031,189259,576582.1,6278795.1,206.31,True
20251031,39775,556686.1910885446,6279246.170944836,216.51,True
20251031,42140,574384.8357262587,6278872.953729225,181.84,True
20251031,80507,577368.3564799039,6278814.879679205,185.22,True
20251031,22721,563707.8616115632,6279123.10080348,219.73,True
20251031,165292,565838.8620945961,6279077.908690335,212.96,True
20251031,68661,574946.2511398267,6278892.797429136,172.91,True
20251031,135668,575281.4220752716,6278886.223417438,194.31,True
20251031,167338,571514.7472334589,6278991.894868977,166.23,True
20251031,40094,573583.2239651562,6278951.461002093,165.50,True
20251031,47384,557361.195369429,6279323.675625256,216.61,True
20251031,29039,560322.0760753514,6279258.127942265,227.84,True
20251031,37056,573624.2878342458,6278979.282617264,157.42,True
20251031,22317,572211.6117387562,6279040.016973767,173.53,True
20251031,2954,573188.8424559596,6279015.159072793,166.19,True
20251031,172193,573310.5360634713,6279017.7,160.00,True
20251031,132610,575553.7313607811,6278973.547720938,189.33,True
20251031,176858,580219.6265900207,6278884.195945715,214.45,True
20251031,147447,562858.1210496966,6279264.837818215,210.45,True
20251031,56113,563149.7242674271,6279258.572714384,208.89,True
20251031,131036,572279.2897162158,6279069.171180388,176.80,True
20251031,51050,575980.5405421657,6278996.110574425,248.65,True
20251031,148166,577842.3977406842,6278960.171037908,164.35,True
20251031,186660,574119.303254364,6279063.460036664,165.01,True
20251031,42760,569407.9594313506,6279184.695890296,175.87,True
20251031,2835,574100.4514829776,6279084.075411938,159.58,True
20251031,76549,574164.7758061618,6279093.440835098,166.91,True
20251031,127563,574590.9766517116,6279085.0443693455,164.13,True
20251031,76766,572906.340626912,6279144.415623853,162.60,True
20251031,2800,572954.0861993154,6279148.326184117,161.04,True
20251031,50070,574299.9739550069,6279121.652547365,172.00,True
20251031,90831,575466.4145419087,6279098.765183107,157.88,True
20251031,68523,574480.0336801966,6279148.983842622,172.21,True
20251031,105091,575085.6824040699,6279137.090488778,163.43,True
20251031,34345,576946.8351326605,6279100.091578049,215.72,True
20251031,133962,572865.591385319,6279211.846844424,165.01,True
20251031,50701,574323.6221852729,6279182.942990681,170.70,True
20251031,136656,574592.706234072,6279182.53419914,171.30,True
20251031,50474,574727.4279847058,6279170.856408007,170.65,True
20251031,125778,576275.1506029228,6279144.778046198,205.52,True
20251031,47391,576432.1706369551,6279141.733264981,208.68,True
20251031,137053,589644.5438815353,6278899.3873531055,268.06,True
20251031,50464,574369.0929187089,6279212.92522229,170.37,True
20251031,189759,575131.7542192532,6279197.944526951,169.45,True
20251031,23693,546869.7376019992,6279842.69196736,222.47,False
20251031,96602,571834.9990408975,6279294.235429085,160.54,True
20251031,74453,572440.6339804397,6279282.090844345,153.87,True
20251031,68656,574190.2524729571,6279247.32961955,169.60,True
20251031,57196,574795.8935976934,6279235.474172734,170.38,True
20251031,129525,574414.7811674083,6279273.762059227,161.60,True
20251031,116477,575307.2642197228,6279257.139447106,200.02,True
20251031,92661,575514.2197091402,6279253.405182549,182.28,True
20251031,1159,546871.9334639832,6279906.647906911,242.13,False
20251031,68651,572447.2768546226,6279343.402416577,164.94,True
20251031,68655,574056.8854222114,6279311.71901412,167.13,True
20251031,181048,574281.1939081333,6279307.292475072,167.20,True
20251031,5110,574393.3482094542,6279305.082164608,168.10,True
20251031,89248,574947.5,6279290.7,183.49,True
20251031,122888,595434.1444211432,6278925.327187959,247.24,True
20251031,89675,568158.2672543229,6279461.835403698,179.00,True
20251031,87802,574999.5872091172,6279324.046906665,176.61,True
20251031,174699,575964.112925319,6279305.211374095,215.92,True
20251031,36657,575986.5437897833,6279304.7750744345,214.48,True
20251031,31411,546604.273748151,6279974.84441117,246.31,False
20251031,59266,574058.1047468602,6279373.451489036,163.97,True
20251031,81124,558851.1978407649,6279722.83607207,217.72,True
20251031,159931,564346.4512513741,6279603.55193905,210.26,True
20251031,90832,575494.2705523829,6279376.124630839,157.74,True
20251031,172472,544452.6517336214,6280088.737865162,188.59,False
20251031,76550,574485.5020750373,6279426.780425543,173.36,True
20251031,189633,574709.8065130112,6279422.368964497,171.57,True
20251031,42134,575315.4292692277,6279410.497433665,178.98,True
20251031,177546,575427.581755093,6279408.305314588,184.72,True
20251031,143393,583233.4875109325,6279260.580492628,232.46,True
20251031,156432,558830.1352225812,6279785.0620021485,225.23,True
20251031,23569,575114.1594504293,6279445.314536338,163.04,True
20251031,17178,576950.552343111,6279409.250864376,199.94,True
20251031,68517,571457.4260979691,6279544.650898156,158.35,True
20251031,15068,574688.5893053184,6279484.542303052,172.77,True
20251031,145432,574957.7522109525,6279479.258069781,180.75,True
20251031,85860,565537.8374445876,6279701.832208414,206.77,True
20251031,174085,574487.3248712274,6279519.379180332,176.35,True
20251031,132525,570697.2845859756,6279625.991145688,176.66,True
20251031,94073,571370.1773620871,6279612.380642565,159.47,True
20251031,39771,573747.7432608678,6279564.858942968,169.19,True
20251031,189553,574218.7725611803,6279555.54948638,163.67,True
20251031,81392,579512.2912993719,6279453.3218181105,205.73,True
20251031,42852,575430.5969457645,6279562.636990264,170.28,True
20251031,75251,544793.5816900757,6280265.717335648,182.72,False
20251031,84865,574691.0157901008,6279608.00732736,165.38,True
20251031,103977,569688.0990253477,6279764.007872323,171.72,True
20251031,43030,570834.3582118063,6279746.831897818,169.20,True
20251031,39769,574266.0672665193,6279678.129500981,165.07,True
20251031,42135,574400.6446054874,6279675.4770457875,171.49,True
20251031,170494,576015.5770204931,6279643.869145498,207.22,True
20251031,186661,571978.8808824817,6279754.521808433,151.39,True
20251031,123412,574356.3937356907,6279707.227079406,166.45,True
20251031,153880,574647.9767100543,6279701.487814054,148.12,True
20251031,116901,574715.265126006,6279700.165261885,158.80,True
20251031,50465,574939.5599465809,6279695.761883379,172.76,True
20251031,130088,567067.549901544,6279885.9079236435,179.85,True
20251031,68502,573572.5880579089,6279784.477453518,188.12,True
20251031,4186,562179.4409321803,6280051.457306754,192.98,True
20251031,39768,570319.6983158491,6279881.437376117,181.01,True
20251031,68481,570545.2901456258,6279876.103797288,174.68,True
20251031,108547,574717.0846615867,6279792.763921606,176.15,True
20251031,40096,575389.9598148856,6279779.577648647,185.66,True
20251031,68410,564916.3526017352,6280023.760276275,222.50,True
20251031,150760,571952.6,6279866.1,150.90,True
20251031,93402,573084.1248349848,6279855.76933789,164.09,True
20251031,75820,573124.6481279116,6279855.234875993,172.89,True
20251031,20461,574740.1202139701,6279823.18944535,174.77,True
20251031,50460,574045.4304417409,6279867.7534886245,163.24,True
20251031,1054,574695.8687541066,6279854.937093121,162.15,True
20251031,160170,573575.0362549929,6279907.941837005,163.13,True
20251031,50466,576220.9245872913,6279855.700129159,231.70,True
20251031,166164,577679.5222081913,6279827.874934378,169.97,True
20251031,74,573133.3460346343,6279959.707533611,172.98,True
20251031,7945,576760.5300869968,6279876.450121681,182.64,True
20251031,109609,555992.7989102907,6280342.597285752,234.55,True
20251031,58807,566376.7855714066,6280116.500221698,193.89,True
20251031,94239,568417.7412667691,6280074.050908172,181.63,True
20251031,48801,572341.884353459,6279994.7432029955,157.84,True
20251031,68650,574495.831239642,6279951.506001364,169.63,True
20251031,121249,574607.9742097106,6279949.299466106,177.59,True
20251031,123096,575235.9755580234,6279936.979320641,184.62,True
20251031,165055,558415.6338417784,6280319.209659644,222.67,True
20251031,88214,574179.1056432505,6279987.648467394,166.02,True
20251031,29051,576649.5801812084,6279940.351522573,206.91,True
20251031,23499,544238.3505466906,6280676.151951363,149.68,False
20251031,134100,567409.7595799181,6280156.691586741,185.50,True
20251031,23696,545628.9194587412,6280679.815905694,172.30,False
20251031,63503,572952.9,6280075.3,172.48,True
20251031,41466,574527.6980063863,6280049.102791059,158.75,True
20251031,23982,569093.1218287221,6280183.662319271,168.98,True
20251031,182178,573399.283862071,6280096.698605162,157.78,True
20251031,59267,575126.2505967238,6280062.639642658,206.46,True
20251031,186904,576516.8019050708,6280035.555518412,201.01,True
20251031,181547,573960.5965375017,6280116.45529868,162.44,True
20251031,130203,546377.8,6280757.9,191.06,False
20251031,190875,568377.345626454,6280291.035631635,176.39,True
20251031,1014,574993.497051914,6280157.87530688,167.24,True
20251031,47386,577259.7019644319,6280114.476856909,157.66,True
20251031,184888,570800.1393174047,6280272.354468656,169.03,True
20251031,101678,572618.1455473185,6280237.460718627,161.45,True
20251031,106456,574814.6802640997,6280192.26200637,174.40,True
20251031,187017,575218.379892212,6280184.347900212,153.39,True
20251031,130542,566898.429879826,6280383.5,164.12,True
20251031,127807,577080.485289214,6280179.0521300165,160.14,True
20251031,42757,573178.6871615502,6280286.352121867,159.56,True
20251031,40093,574389.7697010478,6280262.3757107835,168.79,True
20251031,50459,575982.1258568648,6280231.201273519,208.35,True
20251031,149905,563087.1776581988,6280525.967250678,208.88,True
20251031,97904,568200.4789415976,6280418.204348364,185.73,True
20251031,80857,570017.0670847755,6280380.907481598,170.25,True
20251031,193229,574233.3861620675,6280296.336858455,174.53,True
20251031,1047,574255.0136337532,6280293.777071693,166.31,True
20251031,107826,576008.8247319752,6280265.365517719,229.35,True
20251031,17741,578721.1919798546,6280208.196387955,174.73,True
20251031,94292,559746.3168394398,6280629.471694618,225.90,True
20251031,81793,571923.9947127539,6280373.191242866,154.21,True
20251031,120494,573606.0321541015,6280339.621763739,177.92,True
20251031,53412,573807.877240622,6280335.623248703,179.06,True
20251031,39765,573830.3044802697,6280335.179363732,179.06,True
20251031,80852,576701.0039489141,6280279.0134512335,173.31,True
20251031,91436,563245.4878901602,6280584.327653412,207.74,True
20251031,165167,564456.5140043587,6280558.464289987,208.44,True
20251031,2799,571842.7,6280407.8,148.29,True
20251031,143863,575131.6915975116,6280340.4351723865,167.73,True
20251031,191654,575330.7094583802,6280339.684491823,183.12,True
20251031,165246,543288.2443014039,6281105.460097966,151.77,False
20251031,117532,573672.7,6280430.1,152.68,True
20251031,189230,574841.3497761376,6280407.8845357355,164.61,True
20251031,2834,574908.6307370946,6280406.564024297,176.50,True
20251031,176875,576057.0621737066,6280386.2470004745,213.50,True
20251031,187392,565153.6935322476,6280636.3161962405,207.38,True
20251031,122553,567059.9249236302,6280596.279870998,184.75,True
20251031,42847,573211.7507380131,6280474.017470892,172.40,True
20251031,53186,574976.5170268968,6280436.110336836,176.53,True
20251031,92716,575269.763198841,6280428.384799023,190.00,True
20251031,74168,563158.4325947955,6280709.712376153,206.88,True
20251031,68510,567572.9290378025,6280616.652336796,193.97,True
20251031,142425,570132.9751147551,6280563.816091538,175.37,True
20251031,42758,573878.2121419951,6280488.621905493,178.67,True
20251031,150308,574438.8801450471,6280477.554635001,164.61,True
20251031,76767,576130.0986762403,6280447.320633671,204.73,True
20251031,23694,544859.2,6281157.1,146.76,False
20251031,53932,571614.3464509827,6280563.945563148,150.19,True
20251031,42849,573182.4670535049,6280535.992549888,166.78,True
20251031,180556,575983.1559638269,6280475.116961316,209.65,True
20251031,81379,576792.0841639721,6280466.10264106,163.58,True
20251031,50476,565469.1765572518,6280721.024220582,217.38,True
20251031,1010,574775.9434112528,6280532.173671155,169.44,True
20251031,50478,570134.8614191688,6280656.412973859,169.44,True
20251031,193901,570768.1,6280648.3,167.44,True
20251031,159262,573880.0440472483,6280581.219880002,171.19,True
20251031,76770,577333.7241198045,6280513.830126702,156.85,True
20251031,16607,565403.6400172318,6280785.42867681,220.76,True
20251031,98952,566353.3558138022,6280763.266014293,175.38,True
20251031,193568,570539.158479505,6280679.068190365,166.57,True
20251031,148343,572153.8368239028,6280646.4822018,166.28,True
20251031,73928,574620.7223186324,6280597.487759409,160.65,True
20251031,42762,576145.6335977773,6280598.323425052,188.32,True
20251031,91585,575698.3910280833,6280638.139813025,202.27,True
20251031,86749,567805.1149233147,6280827.813051916,166.89,True
20251031,123460,573230.3347170711,6280711.782329185,164.22,True
20251031,89262,544573.9711364057,6281382.793333791,154.28,False
20251031,99802,575542.6130419258,6280702.9348973,172.77,True
20251031,181548,573547.3221792721,6280773.079410506,160.29,True
20251031,109123,556617.0788633846,6281162.282822564,223.51,True
20251031,1016,574489.8106569881,6280785.331671625,181.49,True
20251031,133964,574826.1956844986,6280778.717664525,188.73,True
20251031,154906,574781.9506181078,6280810.464530855,185.50,True
20251031,186080,576011.4,6280781.3,186.06,True
20251031,40092,579447.0856656282,6280751.413996568,201.70,True
20251031,60932,572002.4316414197,6280927.42425376,149.51,True
20251031,40099,573056.4157652489,6280906.348428137,155.74,True
20251031,50742,573594.6217644938,6280895.653517382,153.83,True
20251031,51159,575409.4452388859,6280860.9186038375,169.53,True
20251031,140810,559333.1602050797,6281225.285847323,198.91,True
20251031,111324,580704.0867120144,6280789.521968681,242.46,True
20251031,144482,571443.0481500387,6281000.437162211,155.84,True
20251031,144741,573749.9131554622,6280953.523007124,157.87,True
20251031,187016,575008.627198673,6280929.52762129,172.24,True
20251031,142165,578484.5437957888,6280862.321712711,187.34,True
20251031,68662,572273.3889936899,6281014.623904004,173.08,True
20251031,113480,575456.4062543425,6280953.318208513,168.02,True
20251031,169382,577319.6138029054,6280946.38940839,173.02,True
20251031,61616,544940.2563213799,6281682.683519004,175.00,False
20251031,4710,572386.7490811324,6281074.109789073,162.65,True
20251031,45416,574831.044270113,6281025.645728727,178.49,True
20251031,150347,564066.0528838834,6281270.7560015535,196.88,True
20251031,129081,567386.7360428926,6281207.046494374,180.01,True
20251031,106455,570548.5606669367,6281142.052317877,172.62,True
20251031,110514,574338.3072545108,6281066.217905663,175.82,True
20251031,68480,575775.5,6281032.3,193.78,True
20251031,163939,585819.9352745912,6280850.223914707,274.45,True
20251031,46896,561379.1310757623,6281427.498736376,215.98,True
20251031,144260,566424.4384805897,6281319.774912988,184.99,True
20251031,100856,567029.8810550824,6281307.116414146,190.14,True
20251031,155775,572657.0691097428,6281192.7621800285,151.58,True
20251031,68504,557545.4451475978,6281542.903835142,225.26,True
20251031,181070,566425.0852704034,6281350.640044802,187.88,True
20251031,169531,576015.4313188469,6281164.797246242,179.60,True
20251031,39200,565125.1683917833,6281408.891683786,210.52,True
20251031,124496,576449.2242209495,6281179.343515901,170.00,True
20251031,47394,566471.2257550422,6281411.430665841,171.52,True
20251031,122874,564902.242188227,6281475.370239518,214.86,True
20251031,165957,544476.1620019462,6281971.920404413,179.57,False
20251031,46895,573184.4635294927,6281339.933004041,167.74,True
20251031,48990,573827.8313373047,6281325.134775231,157.40,True
20251031,142042,574858.9227551376,6281302.999086084,164.60,True
20251031,7133,576429.2138775911,6281271.646548392,166.01,True
20251031,158019,570150.5805807834,6281428.0516063515,171.24,True
20251031,47085,573177.7535528031,6281367.103741091,166.56,True
20251031,130562,564926.6276103342,6281567.489873569,215.35,True
20251031,103031,569725.1671775039,6281467.610285824,169.47,True
20251031,87817,573334.0090233437,6281425.7854349455,188.94,True
20251031,127618,575460.949763061,6281385.706513277,173.78,True
20251031,88821,571274.2792381574,6281498.371079277,147.53,True
20251031,84257,570623.9781862148,6281541.938431941,161.14,True
20251031,48409,573696.5550485004,6281511.192370971,179.63,True
20251031,193385,573697.0368239736,6281542.012332074,178.63,True
20251031,53410,575507.2551986648,6281508.696170431,175.37,True
20251031,124492,569482.3035826107,6281657.848505132,176.35,True
20251031,43442,572128.1800744798,6281604.219011624,148.18,True
20251031,75,576053.6894560995,6281526.322419298,184.40,True
20251031,120176,585605.0982375755,6281378.981978922,253.32,True
20251031,47388,562489.1998979987,6281928.398276037,193.75,True
20251031,160106,571502.8319602124,6281740.30747146,173.32,True
20251031,150959,577971.4529305178,6281608.072557993,175.03,True
20251031,50205,573971.6766738505,6281721.326250706,203.68,True
20251031,78420,569441.2518408484,6281843.959000423,178.92,True
20251031,184805,573094.9,6281768.7,155.03,True
20251031,169420,574374.7240088561,6281775.690816302,164.22,True
20251031,100855,569644.3118224882,6281901.559303467,178.21,True
20251031,127810,574756.5076773571,6281799.055231004,167.76,True
20251031,21022,573615.9570979779,6281848.781789622,175.51,True
20251031,7870,575729.4,6281806.5,173.91,True
20251031,48402,566663.5274925345,6282024.976948658,189.65,True
20251031,124493,567359.2307947081,6282041.339166875,160.43,True
20251031,76925,572605.8449327039,6281934.311919736,165.90,True
20251031,84898,576978.0894743445,6281848.421720716,157.87,True
20251031,163456,577202.3087211716,6281844.09794355,173.98,True
20251031,112062,548661.2485280036,6282488.784998296,208.73,False
20251031,182575,569826.2072818094,6282021.354615446,170.97,True
20251031,158740,574512.9032645521,6281958.235421213,167.15,True
20251031,176634,575566.7169210394,6281937.574659735,172.20,True
20251031,98092,568952.4067012316,6282100.546195105,156.90,True
20251031,68503,573549.3912478416,6282008.15612589,177.50,True
20251031,134025,575658.2098277418,6282028.421972671,185.72,True
20251031,115655,569156.4147956355,6282189.32473906,181.59,True
20251031,184652,569470.6271904781,6282183.018000336,180.35,True
20251031,118208,572519.8626550719,6282121.298638958,157.84,True
20251031,89173,573550.9,6282095.8,176.97,True
20251031,60499,580367.2922978698,6281969.170268651,229.88,True
20251031,177092,569426.1245852299,6282214.860987661,164.34,True
20251031,90645,571107.9696994997,6282180.573278153,165.23,True
20251031,86837,575569.7298930814,6282091.903971987,160.67,True
20251031,131025,566583.9768475757,6282304.724566939,190.59,True
20251031,132778,577790.6060767989,6282110.687671309,163.04,True
20251031,89057,577342.7805062595,6282150.167721417,146.03,True
20251031,112692,569451.3676330387,6282337.803452712,168.78,True
20251031,43781,574495.9519892295,6282236.468642133,159.29,True
20251031,89676,574563.2136521754,6282235.144485425,161.32,True
20251031,127443,576647.7958635637,6282194.960288036,161.32,True
20251031,104622,569430.2121273701,6282399.9931890955,163.59,True
20251031,131438,570215.5530119537,6282375.208756972,153.35,True
20251031,111629,571694.6379711978,6282354.003705339,160.50,True
20251031,161412,576689.5042702552,6282260.056466445,161.44,True
20251031,91582,576985.8342704138,6282249.679507101,155.10,True
20251031,84795,571762.5194459598,6282383.515428881,165.76,True
20251031,154448,573488.8668011721,6282349.013025366,157.74,True
20251031,155236,578107.4517668209,6282259.006901287,158.09,True
20251031,23695,547595.4401612857,6282946.510987578,148.89,False
20251031,110637,569032.5916420708,6282463.544049497,164.00,True
20251031,143858,576045.9753242123,6282360.52190154,159.99,True
20251031,140047,566271.6022148693,6282589.001484069,189.29,True
20251031,88232,568760.1559598816,6282537.2689680215,183.33,True
20251031,118285,568872.2534492617,6282534.96154626,166.74,True
20251031,101065,569006.770490065,6282532.195242802,175.74,True
20251031,21793,573558.5767379022,6282471.140652373,159.94,True
20251031,187654,558247.6563229676,6282855.0635635285,221.89,True
20251031,137786,568717.2244302789,6282630.7878314415,170.07,True
20251031,87866,578066.154067068,6282445.060792131,163.97,True
20251031,192907,574098.4798997099,6282553.085035218,153.45,True
20251031,30569,568673.6581741006,6282693.44184461,176.06,True
20251031,178556,576095.6163206708,6282606.576522419,168.87,True
20251031,76569,568765.240766308,6282784.189800938,174.47,True
20251031,42137,576051.3781356604,6282638.314223392,164.06,True
20251031,190653,577777.6563151316,6282604.973551339,151.09,True
20251031,143903,565337.166924774,6282948.341588736,196.83,True
20251031,147107,565382.0030235602,6282947.394300322,187.56,True
20251031,76915,566502.9076531534,6282923.8146123,189.32,True
20251031,76496,569260.3505472022,6282866.647649861,172.75,True
20251031,50475,570404.9430831622,6282905.024634666,159.36,True
20251031,109581,572736.4445156896,6282858.038007738,163.95,True
20251031,87869,576906.2874256213,6282776.131208222,173.85,True
20251031,87816,575516.9367623886,6282833.996022477,162.22,True
20251031,37939,575631.1,6282854.8,156.05,True
20251031,169464,570317.1546183934,6282999.44443622,165.08,True
20251031,183045,574083.9887292988,6282954.780587507,150.67,True
20251031,14044,576908.6721656192,6282899.59451433,183.24,True
20251031,131852,576998.3450546486,6282897.86308004,165.31,True
20251031,122080,572919.4845626003,6283039.651631004,164.76,True
20251031,42759,573551.9816588489,6283026.85210235,155.75,True
20251031,68482,568817.7026092941,6283153.6472355,172.74,True
20251031,181774,574646.2612962027,6283036.328181891,152.44,True
20251031,47092,569939.8308128032,6283192.402099113,169.32,True
20251031,187776,562610.1630840981,6283377.095490739,213.88,True
20251031,74170,563013.661069127,6283368.408573242,207.30,True
20251031,157571,573079.482444325,6283190.851338038,157.62,True
20251031,88124,570077.1429518245,6283320.668388335,159.14,True
20251031,116103,574261.1184264865,6283228.987166203,155.50,True
20251031,18692,571018.98144393,6283324.857461286,169.81,True
20251031,166945,573574.498192382,6283273.644058787,167.69,True
20251031,114043,578372.9291354062,6283242.006040963,169.61,True
20251031,174539,574607.4994997054,6283345.865792958,155.77,True
20251031,77342,578755.7804407051,6283327.341447836,161.17,True
20251031,48350,572703.9397321702,6283476.241131692,152.04,True
20251031,89862,572727.0423408858,6283474.166300061,148.04,True
20251031,87012,583396.6368733512,6283271.607954466,221.10,True
20251031,72756,568154.124511549,6283599.635800269,179.56,True
20251031,71561,570933.6907825322,6283542.729173069,151.51,True
20251031,67552,572927.7499833634,6283502.371573337,136.41,True
20251031,187270,575147.9185729475,6283458.764072066,159.28,True
20251031,105557,581357.2787088552,6283340.128127591,231.57,True
20251031,179634,577748.8063095078,6283439.212011563,174.03,True
20251031,138259,568962.3622602873,6283644.719497625,166.87,True
20251031,38022,574341.2741439729,6283528.458428447,171.10,True
20251031,179277,568156.6790601548,6283723.095221118,179.06,True
20251031,181313,554237.7956731147,6284057.18552797,268.83,True
20251031,175988,573985.3275901638,6283636.036742813,160.49,True
20251031,174540,575218.8678926553,6283611.03661099,158.06,True
20251031,71763,576723.106217934,6283584.518201806,146.63,True
20251031,78597,575689.5219953933,6283633.439230515,159.13,True
20251031,153204,578872.557920456,6283572.136925002,169.95,True
20251031,85046,578850.7289120646,6283603.4289293615,162.94,True
20251031,130078,577887.4448559312,6283652.693524312,172.29,True
20251031,146254,565493.8282415069,6283994.898146359,193.88,True
20251031,70796,576657.5782266536,6283830.767463342,187.10,True
20251031,152418,576478.8570805743,6283865.106779195,142.92,True
20251031,181806,573318.9960688142,6283958.024386783,169.17,True
20251031,89519,573386.2395633231,6283956.687808931,171.57,True
20251031,1015,587486.3489234133,6283753.858036818,270.41,True
20251031,182406,565117.3580733845,6284219.004778883,175.23,True
20251031,9242,572581.1702985561,6284065.369199281,151.22,True
20251031,179802,583115.9752127028,6283863.405511995,184.23,True
20251031,75355,568435.2230408938,6284180.507650426,163.07,True
20251031,166692,575563.4674644691,6284068.181648143,163.46,True
20251031,82870,584058.5225929149,6283907.938007799,222.81,True
20251031,139681,574062.3357573004,6284128.553101898,151.03,True
20251031,77345,584036.6696818336,6283939.212154248,215.81,True
20251031,60165,569535.3929698041,6284250.5185555415,194.51,True
20251031,81794,575004.3262756639,6284140.880826584,161.46,True
20251031,4844,575613.7,6284130.5,141.42,True
20251031,100405,588340.8326214388,6283893.207458512,253.45,True
20251031,146632,575049.7592849428,6284170.866961338,161.18,True
20251031,73,573145.2109284599,6284239.379251306,156.15,True
20251031,89921,573167.6244353002,6284238.933035153,144.83,True
20251031,132994,579622.7786207071,6284113.70411253,170.49,True
20251031,76494,574916.4887351145,6284235.236487772,158.41,True
20251031,153842,565907.0311225523,6284449.361784697,165.73,True
20251031,169151,572182.670020933,6284320.371371068,160.57,True
20251031,68518,574020.3847342985,6284287.493034421,162.66,True
20251031,39889,565952.5060439357,6284479.282994521,164.89,True
20251031,186856,568239.2444680157,6284462.458900612,168.50,True
20251031,131908,579356.7336160311,6284273.120344962,182.52,True
20251031,182100,574000.5877122355,6284407.670156118,160.54,True
20251031,168369,569339.3687270453,6284532.435803436,169.99,True
20251031,172357,573755.2689476734,6284474.2811070625,175.51,True
20251031,92114,575862.0677040156,6284432.883150442,160.45,True
20251031,187608,552218.1621259901,6284968.339663999,173.61,True
20251031,189569,565755.9950318789,6284730.445751499,161.14,True
20251031,23408,571964.1204453385,6284602.6573080905,163.76,True
20251031,127803,580594.1000153333,6284496.824251634,189.39,True
20251031,140603,576561.0521995665,6284635.441716883,159.11,True
20251031,79777,576584.0622288239,6284665.872970727,154.51,True
20251031,172060,579857.9773858242,6284695.923405196,181.17,True
20251031,68569,578470.2088375284,6284814.8754868535,207.04,True
20251031,133188,541471.8786166471,6285659.024687471,246.08,False
20251031,162575,576521.0139056636,6284883.233769405,165.07,True
20251031,76501,564621.5231407718,6285155.868455876,170.33,True
20251031,132976,572532.4550305844,6284992.667400693,172.94,True
20251031,152530,578493.7976909885,6284876.179178562,201.13,True
20251031,35873,580828.0417800539,6285017.346442594,229.17,True
20251031,48404,564693.3429780063,6285370.489583684,173.35,True
20251031,103642,568211.6591723874,6285296.73106078,166.56,True
20251031,174383,568256.4787485589,6285295.803996348,168.79,True
20251031,174382,568212.2976945556,6285327.59560861,161.30,True
20251031,118186,591743.3049952715,6284884.2645483,232.46,True
20251031,184182,561580.4470086239,6285530.00505525,214.15,True
20251031,193433,568460.0789051144,6285384.229808936,167.18,True
20251031,68512,572986.8264221615,6285292.365265523,155.65,True
20251031,87930,573099.4903027827,6285320.997198334,161.65,True
20251031,147984,577201.6815785982,6285302.353817647,167.50,True
20251031,135620,581527.3685430661,6285251.314640905,184.65,True
20251031,115156,567925.4515523566,6285549.680653204,182.16,True
20251031,147511,573975.775052251,6285427.137735129,153.01,True
20251031,185351,582581.2065522653,6285262.679466142,234.19,True
20251031,95125,567276.8804015936,6285624.916528561,193.42,True
20251031,186659,575613.0027538566,6285456.684392051,163.94,True
20251031,175751,577360.9268681079,6285422.793407303,172.38,True
20251031,155686,567837.7370796495,6285644.133128477,181.69,True
20251031,75440,577944.16169598,6285442.4684230145,214.34,True
20251031,165738,565509.8619179213,6285816.368594919,166.12,True
20251031,95124,567145.6473014666,6285782.041196216,191.74,True
20251031,167671,569567.6254031972,6285824.619691909,172.39,True
20251031,76914,577724.2164175991,6285662.823797073,189.95,True
20251031,101314,577858.6674364097,6285660.244331958,196.61,True
20251031,139031,563249.3171469076,6285988.011104623,195.72,True
20251031,130640,575686.2540726765,6285764.023934668,171.59,True
20251031,189568,563295.4566724503,6286048.776990775,195.50,True
20251031,177632,563497.1210087931,6286044.452033754,194.00,True
20251031,76907,574120.1277313853,6285918.28923041,149.87,True
20251031,5406,579431.9405048345,6285877.284254065,222.96,True
20251031,100472,579521.5714934017,6285875.588325354,224.16,True
20251031,94909,575802.5075463332,6285977.894406226,146.75,True
20251031,41694,579545.1466183926,6285936.895501894,222.25,True
20251031,112968,575848.5255349597,6286038.751010802,158.54,True
20251031,159605,575915.747070302,6286037.441128316,158.08,True
20251031,114765,579456.1006137171,6285969.456562849,224.91,True
20251031,171527,569149.4838486245,6286203.725949441,159.34,True
20251031,134262,576992.4856398287,6286078.309944485,188.14,True
20251031,188253,578847.7161555516,6286071.04833213,217.41,True
20251031,163372,569174.7651122385,6286295.872713287,162.61,True
20251031,103261,569288.1,6286319.0,159.24,True
20251031,142041,572020.6421222267,6286299.775430909,150.79,True
20251031,125595,574350.9014568578,6286253.379689888,153.93,True
20251031,191809,571393.8907315963,6286343.276914077,162.89,True
20251031,81576,572043.6684408832,6286330.189981356,145.13,True
20251031,76765,572693.4474818853,6286317.169337418,154.08,True
20251031,50477,579326.9190704867,6286249.79111694,225.11,True
20251031,189320,594765.2912633,6285976.013818489,285.24,True
20251031,170812,567273.1242247558,6286520.4485344635,166.76,True
20251031,170811,567184.7895525249,6286584.0452447,166.88,True
20251031,71830,583765.1116821808,6286259.880727107,239.13,True
20251031,80149,568328.736001766,6286622.047989561,175.51,True
20251031,94716,571942.2528236832,6286552.346566098,143.40,True
20251031,21135,573191.3382140436,6286521.358258525,171.61,True
20251031,87641,571714.414922826,6286676.4620182915,160.98,True
20251031,113148,598534.1775352547,6286192.735645656,287.58,True
20251031,82276,563201.3205723532,6286884.506103588,203.86,True
20251031,97046,568331.9264143091,6286776.369479091,175.20,True
20251031,122061,598534.669250725,6286223.602610873,296.58,True
20251031,181417,563179.5794266625,6286915.851133961,201.82,True
20251031,28093,583590.37366753,6286510.080347306,245.41,True
20251031,109960,539052.1935031923,6287510.794495496,241.52,False
20251031,160337,539075.375376505,6287541.0893573025,246.51,False
20251031,80612,580074.4688240745,6286667.941173219,240.52,True
20251031,120398,580948.8404495704,6286682.413273599,259.06,True
20251031,133878,553930.3771213128,6287275.6687157815,159.95,True
20251031,110743,553952.7799470741,6287275.154904789,158.01,True
20251031,158193,568089.3117756161,6286966.654764971,170.72,True
20251031,132344,580324.9834498769,6286879.3629745785,259.42,True
20251031,11521,561263.5921725564,6287451.3515746,225.79,True
20251031,143057,565497.6396165589,6287360.517053296,189.69,True
20251031,74732,574279.5550587286,6287181.093983394,156.77,True
20251031,132437,582412.0015461325,6287025.74419818,194.89,True
20251031,132995,582434.4052509135,6287025.33058115,211.89,True
20251031,89473,603584.579918262,6286700.897683651,238.76,False
20251031,142371,570204.093634134,6287355.484584258,160.44,True
20251031,140252,570248.8987255016,6287354.571537929,161.54,True
20251031,31840,579680.509984596,6287169.392599957,240.82,True
20251031,128885,579636.2869469542,6287201.104537302,241.43,True
20251031,47989,579614.4673258283,6287232.393238821,246.13,True
20251031,133902,583804.4129494213,6287185.442738705,233.33,True
20251031,120248,577128.9371442292,6287341.617000789,227.30,True
20251031,68648,574575.6594021199,6287422.269376361,150.64,True
20251031,81672,568551.4066065721,6287636.402238351,175.84,True
20251031,177631,572673.320132552,6287552.65173867,156.24,True
20251031,166454,573033.0507136036,6287574.747469346,145.51,True
20251031,108502,577177.3141316144,6287525.942577664,228.39,True
20251031,122912,589028.1485700731,6287308.403666892,228.52,True
20251031,71343,581972.5087183148,6287497.014650443,271.00,True
20251031,165629,571981.9659729606,6287720.897326898,158.04,True
20251031,134768,572049.7899191717,6287750.411095397,160.19,True
20251031,89432,572275.0397007898,6287807.642884978,152.98,True
20251031,48796,581616.9130319551,6287688.594287142,234.38,True
20251031,131853,583634.7763412759,6287713.4295951715,203.01,True
20251031,109277,564957.8690106047,6288329.146954584,156.68,True
20251031,129543,552887.1332215508,6288689.235841272,243.19,True
20251031,183975,586106.6554913243,6288100.99674056,177.32,True
20251031,70578,574145.9154764198,6288357.048240641,169.68,True
20251031,182078,574862.6849357337,6288342.921056308,159.45,True
20251031,18778,571168.7331138568,6288509.221655386,156.18,True
20251031,56377,571126.4350277871,6288633.585085372,147.30,True
20251031,26283,547005.461733185,6289198.408377235,339.07,False
20251031,50461,572045.9968665624,6288676.792233872,147.61,True
20251031,68653,574220.4293869734,6288726.094482946,148.04,True
20251031,141820,583539.1424348379,6288610.574073372,200.39,True
20251031,76467,585936.3033666504,6288598.0536826495,188.89,True
20251031,166490,566138.1998264843,6289045.27964659,154.12,True
20251031,185010,569611.5888039399,6289065.827748666,150.60,True
20251031,65056,570977.7799641481,6289037.9944679355,165.47,True
20251031,133267,572545.5476288967,6289006.415880061,158.94,True
20251031,34688,578998.2184411725,6289004.013720039,246.85,True
20251031,129403,571540.8099141762,6289180.992851473,154.28,True
20251031,119331,571003.9288088223,6289222.725216583,137.22,True
20251031,107980,582001.1117526097,6289040.277247733,229.27,True
20251031,127516,604913.565834654,6288656.855774791,169.77,False
20251031,155206,604892.0900433495,6288718.924235966,168.41,False
20251031,120146,563415.0975488634,6289535.40296087,188.44,True
20251031,90352,596919.5680125856,6288904.7584641315,277.27,True
20251031,185543,577412.8078820724,6289281.352030468,222.18,True
20251031,76498,559475.669749575,6289713.777000748,209.03,True
20251031,188871,559341.9862279635,6289747.607311198,216.88,True
20251031,186833,573362.8,6289454.4,143.01,True
20251031,99553,578758.3201567106,6289348.213604528,225.72,True
20251031,171102,573341.9,6289478.9,145.31,True
20251031,169397,569580.0744239151,6289714.887474708,160.84,True
20251031,123519,600374.531686534,6289220.24800629,282.75,False
20251031,157295,581674.9153176292,6289571.218169852,221.72,True
20251031,170082,570996.544273034,6289963.915306127,156.22,True
20251031,131854,584477.6310246119,6289704.993767757,172.28,True
20251031,47724,570840.4169712204,6289997.957860564,153.50,True
20251031,20400,567504.4832880365,6290097.39605623,179.23,True
20251031,183901,584591.2811436113,6289795.558402003,181.63,True
20251031,70631,603537.0546650685,6289480.282806793,159.02,False
20251031,181911,572275.4459800904,6290061.632091515,155.52,True
20251031,163559,559109.3134717557,6290370.310002414,206.04,True
20251031,102558,563632.520217287,6290271.799501552,201.78,True
20251031,136311,572254.9111398878,6290154.673549258,155.97,True
20251031,175481,606069.5268117499,6289565.907742955,173.41,False
20251031,122764,568046.3919671692,6290302.277698322,159.40,True
20251031,177404,570494.0692924883,6290256.780816042,136.80,True
20251031,156144,573847.8550180057,6290277.286413468,156.52,True
20251031,117250,540194.9747882907,6291064.124540474,227.67,False
20251031,88004,570579.2285554017,6290373.782230841,154.71,True
20251031,140238,573826.0745465342,6290308.594382985,161.30,True
20251031,76795,573781.9022490875,6290340.346397724,161.30,True
20251031,93185,604908.1084692869,6289830.500982573,161.24,False
20251031,17096,604640.6568095174,6289867.363413146,163.59,False
20251031,92949,605088.3000824098,6289858.324109932,158.48,False
20251031,25888,556076.5881280934,6290993.965988197,193.96,True
20251031,102737,561136.715328711,6290881.553585777,254.73,True
20251031,14660,576274.6281632767,6290661.91795452,255.15,True
20251031,130489,603212.8621667733,6290257.047404636,146.45,False
20251031,141184,570571.2724400077,6291084.104038542,155.16,True
20251031,159957,570974.9080800773,6291106.7849449925,155.99,True
20251031,129839,570393.414094462,6291149.476385382,161.30,True
20251031,116681,556492.1306354656,6291540.385905689,198.33,True
20251031,11316,561329.9586494757,6291525.766174554,210.20,True
20251031,169434,568203.7545497658,6291410.580320889,154.79,True
20251031,171555,569144.0636977096,6291391.176953954,152.98,True
20251031,44298,604609.5161820133,6290791.687790828,172.84,False
20251031,174879,569346.8261134276,6291448.764198702,151.21,True
20251031,155134,589453.0706266442,6291129.514262176,254.90,True
20251031,168482,573535.8903500229,6291487.648379289,167.58,True
20251031,173910,577052.0192037014,6291480.501132523,204.26,True
20251031,185982,586701.3990077754,6291301.403568173,206.34,True
20251031,161747,567879.4645515635,6291973.083596456,154.92,True
20251031,53792,562016.3185459039,6292190.146744374,194.96,True
20251031,136029,571731.7984213518,6291986.897333879,153.92,True
20251031,102053,574977.8214325189,6291922.29718777,210.59,True
20251031,163163,575067.3673598354,6291920.5385828465,213.56,True
20251031,151003,551026.6764887398,6292499.695945071,280.13,True
20251031,109956,551093.829839642,6292498.12410392,273.24,True
20251031,92722,584336.6232838884,6291807.066758351,209.42,True
20251031,83812,572270.9274013921,6292068.681596238,153.09,True
20251031,132438,587158.4765354965,6291818.154358825,191.88,True
20251031,132434,587136.6370922414,6291849.416385869,217.02,True
20251031,142040,569677.3267601262,6292275.650866914,143.69,True
20251031,140626,570102.6465290597,6292266.954434801,156.77,True
20251031,77343,572118.5674817313,6292287.874318625,149.19,True
20251031,78567,569708.6356996774,6292584.98707358,127.38,True
20251031,171496,595070.7881267432,6292269.381619124,255.99,True
20251031,132436,587617.116117316,6292427.531241138,207.36,True
20251031,189083,570853.8900461486,6292869.186666386,154.39,True
20251031,175921,569826.7926893126,6293013.621636872,150.90,True
20251031,102568,574372.329524357,6293014.875488656,210.51,True
20251031,48403,547291.301559328,6293638.121142992,325.48,False
20251031,62044,585923.0766619893,6292859.0470207315,289.49,True
20251031,87784,542842.9678043285,6293962.605865746,266.69,False
20251031,130570,569588.807929147,6293419.885336258,150.99,True
20251031,129325,571916.4624919822,6293372.599417722,150.73,True
20251031,165510,573527.9257125545,6293340.361872283,196.66,True
20251031,62622,572075.6144747527,6293492.900923553,158.08,True
20251031,4979,599964.8781117751,6293085.894230377,167.15,False
20251031,187176,572772.5108471414,6293633.305430319,199.37,True
20251031,124006,543702.4815317602,6294311.978082086,252.92,False
20251031,188222,568386.6098314422,6293753.403755911,148.45,True
20251031,16767,585172.0763315284,6293428.300122259,267.39,True
20251031,89692,604443.2338678867,6293140.551863794,196.21,False
20251031,170007,576110.8228568526,6293752.674373137,183.30,True
20251031,76917,569377.0364519076,6294010.875782652,142.32,True
20251031,103578,552998.8161550823,6294491.774692228,215.72,True
20251031,59464,569357.1926021976,6294134.787456437,147.26,True
20251031,129888,560388.2101470729,6294541.443511899,226.19,True
20251031,82958,571869.8331715758,6294392.440511664,194.82,True
20251031,84866,571892.210961521,6294391.989808867,198.82,True
20251031,70300,557688.1692211779,6294940.925914373,190.56,True
20251031,151598,601547.8894596008,6294110.891634415,163.21,False
20251031,107640,543234.50441849,6295311.617825681,225.65,False
20251031,152415,557600.0476466927,6295004.652444822,178.29,True
20251031,75567,577381.9559853242,6294654.304364532,157.84,True
20251031,131855,587992.0178476218,6294643.874596951,175.09,True
20251031,163002,571099.1206790202,6295025.526281877,212.76,True
20251031,59700,553827.8111704579,6295491.631549756,197.89,True
20251031,129906,568330.9525241855,6295390.98685224,144.91,True
20251031,105306,574754.8669056665,6295384.745786909,156.56,True
20251031,34403,594202.2809745915,6295247.645058537,205.20,True
20251031,71237,582389.1568068023,6295485.991662157,236.99,True
20251031,126060,582411.5307497381,6295485.57796471,234.14,True
20251031,170864,568428.7499247328,6295790.349362327,142.05,True
20251031,165914,589419.4747448134,6295637.739420152,164.04,True
20251031,162770,557606.6953088795,6296301.339102962,199.03,True
20251031,185111,572823.1216977936,6296164.088347056,161.94,True
20251031,137354,574013.0965341151,6296356.528802924,160.94,True
20251031,166294,561844.2465620408,6296640.137314185,159.51,True
20251031,187272,579763.046889479,6296276.08831014,240.85,True
20251031,37033,601431.4271500034,6296706.018793166,214.62,False
20251031,135278,568259.3669840845,6297337.64171527,156.89,True
20251031,46648,568555.2480270889,6297578.522324066,135.56,True
20251031,182894,602152.0062171766,6297003.615921789,228.58,False
20251031,113738,592649.1104127581,6297373.064930538,138.22,True
20251031,82872,592671.4777171978,6297372.687326012,144.59,True
20251031,58781,562300.0229614339,6298050.557395053,165.64,True
20251031,190236,594283.9798365287,6297469.164951915,150.59,True
20251031,100778,604170.302490503,6297312.47443091,275.75,False
20251031,96230,569793.6293393413,6297954.420471765,140.99,True
20251031,89059,562171.1861906766,6298300.3578816755,128.50,True
20251031,132698,581852.8317879188,6297965.71827866,268.23,True
20251031,116887,584361.6008734304,6298104.996408159,167.30,True
20251031,167791,591072.1403412011,6298048.225880142,145.03,True
20251031,131965,593645.6649663448,6298097.2723986525,126.34,True
20251031,128046,593713.2752431604,6298127.014759886,146.36,True
20251031,68927,606103.9420260626,6297962.812853026,302.37,False
20251031,165067,577485.1,6298632.0,262.87,True
20251031,99001,555685.7451742002,6299432.327894948,188.74,True
20251031,7864,589967.2516585233,6298839.085347405,120.18,True
20251031,159581,566740.8856202292,6299623.199655908,143.56,True
20251031,188636,571393.5470029361,6299619.980585093,218.80,True
20251031,88614,566610.6154992653,6299811.184251515,141.12,True
20251031,131861,567908.7072220275,6299845.824148091,187.52,True
20251031,185300,566523.1249954577,6299905.64698786,126.24,True
20251031,24767,542202.0600088591,6300617.364878428,315.58,False
20251031,115110,555638.9940619008,6300328.808495658,195.91,True
20251031,89061,594139.9993430725,6299570.920488447,119.13,True
20251031,169357,564718.0127905542,6300221.692079824,141.06,True
20251031,144322,578648.6815363094,6300033.057436409,192.20,True
20251031,141516,549656.169444978,6300838.051631273,273.55,True
20251031,27382,573220.0552430114,6300355.151101107,251.38,True
20251031,114040,600186.3404630845,6300059.667537435,165.73,False
20251031,36574,569246.2825146905,6300713.54029833,255.69,True
20251031,133950,608195.8790402081,6300309.3849478895,318.95,False
20251031,92976,589261.0330266993,6300672.864250076,166.69,True
20251031,167865,587808.4605967738,6300729.215438398,128.31,True
20251031,49815,568992.0144202178,6301398.023846627,246.35,True
20251031,70153,587859.7074905566,6301098.787685895,115.09,True
20251031,182734,566713.9442469976,6301538.025543463,244.29,True
20251031,96228,566692.2390682003,6301569.355889197,257.06,True
20251031,125617,589183.9900464596,6301384.2845723005,191.98,True
20251031,138198,555880.1074077458,6302083.282921122,194.02,True
20251031,108873,581808.6608684292,6301578.936975339,145.76,True
20251031,193444,585142.5480797249,6301703.037401761,135.01,True
20251031,131273,598042.8926737403,6301668.174377783,159.82,True
20251031,160933,607074.633243696,6301622.2833271865,238.56,False
20251031,88837,564767.2816752577,6302536.286958587,128.42,True
20251031,150424,566336.9200979352,6302750.068245377,245.10,True
20251031,160854,583484.8261371454,6302752.03639474,137.68,True
20251031,172473,546859.4566538037,6303591.144403717,279.47,False
20251031,70414,602782.8504394817,6303137.462913693,178.51,False
20251031,89486,562250.2778546666,6304010.621764097,140.76,False
20251031,15170,562162.2414912558,6304074.281791608,141.23,False
20251031,107991,564642.4059587261,6304020.943010844,250.01,False
20251031,78398,597514.7661319748,6303469.956525844,152.04,True
20251031,154322,571328.3126148036,6304128.974168434,195.28,False
20251031,177064,593093.7087347561,6303848.833656526,166.53,True
20251031,86424,598192.7461691713,6304042.904238313,135.85,False
20251031,180342,600339.2134477977,6304101.4764138395,155.81,False
20251031,193755,579628.9858938797,6304552.83252255,140.27,False
20251031,136882,573375.118265121,6304767.063053958,173.66,False
20251031,173764,598781.0646578425,6304496.574967249,164.45,False
20251031,107587,560831.1,6305244.9,105.47,False
20251031,159909,566342.8863870987,6305158.164208367,202.45,False
20251031,165007,570520.4794843512,6305071.613678659,181.16,False
20251031,120734,540858.8265386111,6305930.947582907,312.27,False
20251031,21308,563778.4409845464,6305428.778479486,223.17,False
20251031,173757,563712.7487602098,6305491.937339077,218.84,False
20251031,178264,578975.1942731225,6305429.706513794,137.71,False
20251031,147851,582581.6,6305679.8,138.31,False
20251031,120711,607330.3037444892,6305353.945260332,168.91,False
20251031,27685,571322.4016252771,6306043.277170917,195.85,False
20251031,174204,602689.9182963818,6305824.681816675,159.91,False
20251031,113928,589712.5371474865,6306067.696171323,244.22,False
20251031,35561,558494.1441938899,6306995.464273453,153.55,False
20251031,89060,558344.0074379644,6307276.687173584,117.76,False
20251031,46760,547612.6713651903,6307957.485602876,249.47,False
20251031,120738,557326.3933546667,6307794.4605589,121.82,False
20251031,129874,579573.9231441659,6307674.367103412,104.61,False
20251031,28773,590477.8709974509,6307690.654971125,259.97,False
20251031,56971,580254.4912808912,6308091.384234826,167.00,False
20251031,190375,567375.727277129,6308594.401548253,170.62,False
20251031,90016,604017.7007555194,6307934.5514415605,167.94,False
20251031,11170,604062.3610580857,6307933.8762968285,166.03,False
20251031,141037,561548.8938452034,6308749.706499866,144.49,False
20251031,155905,586557.1597849389,6308283.419320151,229.70,False
20251031,88857,561483.2590078268,6308812.887284866,142.35,False
20251031,38287,579972.3771889746,6308528.927904311,160.45,False
20251031,35262,564081.1403471249,6309127.209706692,187.35,False
20251031,109962,554438.612077163,6309433.6718360195,175.66,False
20251031,118408,554395.3783692224,6309496.413677114,182.58,False
20251031,110751,561301.8753528345,6309712.202615207,173.55,False
20251031,125055,582108.4551644309,6309291.570661175,253.95,False
20251031,130410,561392.5190338683,6309771.970503404,175.68,False
20251031,28115,598811.6701090259,6309219.368445228,290.88,False
20251031,150984,581086.6939953428,6309588.483595217,230.79,False
20251031,176257,545065.6212775906,6310705.368960848,265.82,False
20251031,141535,560971.0653988118,6310923.532969013,147.92,False
20251031,172363,574679.90199853,6310854.061086813,124.65,False
20251031,107588,555488.219883118,6311385.667537905,96.42,False
20251031,3664,540005.4149991064,6311973.380188423,110.23,False
20251031,157872,549088.1643285365,6311750.807963513,233.60,False
20251031,17310,565045.0833197776,6311391.293214942,175.14,False
20251031,130214,555138.7,6311790.4,144.39,False
20251031,158432,608705.9185708417,6310890.64718394,168.52,False
20251031,83221,544395.2736756671,6312512.573358327,300.59,False
20251031,96460,573114.9466799637,6311873.090626715,133.52,False
20251031,150519,557684.2322161071,6312725.366007693,123.11,False
20251031,150790,560749.300315693,6313027.820756092,145.69,False
20251031,70418,587866.3997308436,6312860.911842689,231.14,False
20251031,2147,606320.0061245367,6312592.391351338,306.81,False
20251031,189508,588225.5804743549,6312978.056045155,255.89,False
20251031,114896,600855.0989347124,6312798.937117195,274.97,False
20251031,132571,575218.9052132646,6313282.354142722,129.01,False
20251031,38680,601949.3934459669,6312843.666297309,279.98,False
20251031,120906,558955.741023509,6313684.929013905,131.84,False
20251031,103064,571453.9409782218,6313635.397741343,134.17,False
20251031,176758,606245.8071962113,6313612.181057637,298.12,False
20251031,129498,607543.8489355586,6313870.948572243,297.84,False
